schedule,time_ms,family,label,left_condition_right_minus_left,right_condition_right_minus_left,contrastive_right_minus_left,fixed_turn_bias_left,fixed_turn_bias_right,recommended_turn_bias_left,recommended_turn_bias_right
hold,25.0,relay_voltage,LC19,-0.2626078923543318,0.9085879325866699,1.1711958249410017,-40.0,20.0,26.666666666666668,40.0
hold,25.0,relay_voltage,LC31a,-2.6284742542341633,1.688730788386728,4.317205042620891,-40.0,20.0,26.666666666666668,40.0
hold,25.0,relay_voltage,LC31b,-3.7637245178222685,3.6858184814453097,7.449542999267578,-40.0,20.0,26.666666666666668,40.0
hold,25.0,relay_voltage,LCe04,-0.6566529273986816,0.8498490651448591,1.5065019925435408,-40.0,20.0,26.666666666666668,40.0
hold,25.0,relay_voltage,LCe06,0.0980398813883454,-0.5109656016031892,-0.6090054829915346,-40.0,20.0,26.666666666666668,40.0
hold,25.0,relay_voltage,LT82a,-0.39516639709472656,-2.9828243255615234,-2.587657928466797,-40.0,20.0,26.666666666666668,40.0
hold,25.0,descending_rate,DNae002,0.0,40.0,40.0,-40.0,20.0,26.666666666666668,40.0
hold,25.0,descending_rate,DNb01,0.0,40.0,40.0,-40.0,20.0,26.666666666666668,40.0
hold,25.0,descending_rate,DNb09,0.0,-40.0,-40.0,-40.0,20.0,26.666666666666668,40.0
hold,25.0,descending_rate,DNg97,0.0,0.0,0.0,-40.0,20.0,26.666666666666668,40.0
hold,25.0,descending_rate,DNp06,-40.0,80.0,120.0,-40.0,20.0,26.666666666666668,40.0
hold,25.0,descending_rate,DNp09,-40.0,40.0,80.0,-40.0,20.0,26.666666666666668,40.0
hold,25.0,descending_rate,DNp103,40.0,-40.0,-80.0,-40.0,20.0,26.666666666666668,40.0
hold,25.0,descending_rate,DNp18,40.0,-40.0,-80.0,-40.0,20.0,26.666666666666668,40.0
hold,25.0,descending_rate,DNp35,0.0,0.0,0.0,-40.0,20.0,26.666666666666668,40.0
hold,25.0,descending_rate,DNp43,0.0,0.0,0.0,-40.0,20.0,26.666666666666668,40.0
hold,25.0,descending_rate,DNp69,0.0,0.0,0.0,-40.0,20.0,26.666666666666668,40.0
hold,25.0,descending_rate,DNp71,40.0,80.0,40.0,-40.0,20.0,26.666666666666668,40.0
hold,25.0,descending_rate,DNpe016,0.0,40.0,40.0,-40.0,20.0,26.666666666666668,40.0
hold,25.0,descending_rate,DNpe031,0.0,-20.0,-20.0,-40.0,20.0,26.666666666666668,40.0
hold,25.0,descending_rate,DNpe040,40.0,0.0,-40.0,-40.0,20.0,26.666666666666668,40.0
hold,25.0,descending_rate,DNpe056,0.0,40.0,40.0,-40.0,20.0,26.666666666666668,40.0
hold,25.0,fixed_motor,turn_bias,-40.0,20.0,60.0,-40.0,20.0,26.666666666666668,40.0
hold,25.0,recommended_descending,turn_bias,26.666666666666668,40.0,13.333333333333332,-40.0,20.0,26.666666666666668,40.0
hold,50.0,relay_voltage,LC19,1.4060772260030134,0.31794945398966235,-1.088127772013351,-60.0,80.0,-40.0,0.0
hold,50.0,relay_voltage,LC31a,-8.945388282825746,3.6882045471590317,12.633592829984778,-60.0,80.0,-40.0,0.0
hold,50.0,relay_voltage,LC31b,-12.117485046386719,9.215257263183595,21.332742309570314,-60.0,80.0,-40.0,0.0
hold,50.0,relay_voltage,LCe04,-2.1637956301371233,2.3236724535624163,4.4874680836995395,-60.0,80.0,-40.0,0.0
hold,50.0,relay_voltage,LCe06,-0.7571446736653655,0.6795604705810518,1.4367051442464174,-60.0,80.0,-40.0,0.0
hold,50.0,relay_voltage,LT82a,0.18683815002441406,-10.950151443481445,-11.13698959350586,-60.0,80.0,-40.0,0.0
hold,50.0,descending_rate,DNae002,80.0,-80.0,-160.0,-60.0,80.0,-40.0,0.0
hold,50.0,descending_rate,DNb01,0.0,0.0,0.0,-60.0,80.0,-40.0,0.0
hold,50.0,descending_rate,DNb09,40.0,0.0,-40.0,-60.0,80.0,-40.0,0.0
hold,50.0,descending_rate,DNg97,80.0,40.0,-40.0,-60.0,80.0,-40.0,0.0
hold,50.0,descending_rate,DNp06,0.0,0.0,0.0,-60.0,80.0,-40.0,0.0
hold,50.0,descending_rate,DNp09,0.0,0.0,0.0,-60.0,80.0,-40.0,0.0
hold,50.0,descending_rate,DNp103,40.0,80.0,40.0,-60.0,80.0,-40.0,0.0
hold,50.0,descending_rate,DNp18,80.0,0.0,-80.0,-60.0,80.0,-40.0,0.0
hold,50.0,descending_rate,DNp35,0.0,0.0,0.0,-60.0,80.0,-40.0,0.0
hold,50.0,descending_rate,DNp43,-40.0,0.0,40.0,-60.0,80.0,-40.0,0.0
hold,50.0,descending_rate,DNp69,0.0,0.0,0.0,-60.0,80.0,-40.0,0.0
hold,50.0,descending_rate,DNp71,-40.0,-40.0,0.0,-60.0,80.0,-40.0,0.0
hold,50.0,descending_rate,DNpe016,80.0,-40.0,-120.0,-60.0,80.0,-40.0,0.0
hold,50.0,descending_rate,DNpe031,0.0,0.0,0.0,-60.0,80.0,-40.0,0.0
hold,50.0,descending_rate,DNpe040,-40.0,0.0,40.0,-60.0,80.0,-40.0,0.0
hold,50.0,descending_rate,DNpe056,-40.0,40.0,80.0,-60.0,80.0,-40.0,0.0
hold,50.0,fixed_motor,turn_bias,-60.0,80.0,140.0,-60.0,80.0,-40.0,0.0
hold,50.0,recommended_descending,turn_bias,-40.0,0.0,40.0,-60.0,80.0,-40.0,0.0
hold,75.0,relay_voltage,LC19,4.415130456288658,-0.13990608851114672,-4.555036544799805,-60.0,40.0,0.0,26.666666666666664
hold,75.0,relay_voltage,LC31a,-10.059599770439995,4.1734715380699825,14.233071308509977,-60.0,40.0,0.0,26.666666666666664
hold,75.0,relay_voltage,LC31b,-14.008255004882812,10.109062194824219,24.11731719970703,-60.0,40.0,0.0,26.666666666666664
hold,75.0,relay_voltage,LCe04,-2.729046424229942,2.72501802444458,5.454064448674522,-60.0,40.0,0.0,26.666666666666664
hold,75.0,relay_voltage,LCe06,-0.44954821268716927,-0.6235406239827483,-0.17399241129557907,-60.0,40.0,0.0,26.666666666666664
hold,75.0,relay_voltage,LT82a,-0.9741954803466797,-20.655187606811523,-19.680992126464844,-60.0,40.0,0.0,26.666666666666664
hold,75.0,descending_rate,DNae002,80.0,-40.0,-120.0,-60.0,40.0,0.0,26.666666666666664
hold,75.0,descending_rate,DNb01,0.0,40.0,40.0,-60.0,40.0,0.0,26.666666666666664
hold,75.0,descending_rate,DNb09,40.0,-80.0,-120.0,-60.0,40.0,0.0,26.666666666666664
hold,75.0,descending_rate,DNg97,40.0,40.0,0.0,-60.0,40.0,0.0,26.666666666666664
hold,75.0,descending_rate,DNp06,0.0,0.0,0.0,-60.0,40.0,0.0,26.666666666666664
hold,75.0,descending_rate,DNp09,0.0,0.0,0.0,-60.0,40.0,0.0,26.666666666666664
hold,75.0,descending_rate,DNp103,120.0,80.0,-40.0,-60.0,40.0,0.0,26.666666666666664
hold,75.0,descending_rate,DNp18,120.0,-80.0,-200.0,-60.0,40.0,0.0,26.666666666666664
hold,75.0,descending_rate,DNp35,0.0,0.0,0.0,-60.0,40.0,0.0,26.666666666666664
hold,75.0,descending_rate,DNp43,0.0,0.0,0.0,-60.0,40.0,0.0,26.666666666666664
hold,75.0,descending_rate,DNp69,0.0,0.0,0.0,-60.0,40.0,0.0,26.666666666666664
hold,75.0,descending_rate,DNp71,80.0,40.0,-40.0,-60.0,40.0,0.0,26.666666666666664
hold,75.0,descending_rate,DNpe016,80.0,-40.0,-120.0,-60.0,40.0,0.0,26.666666666666664
hold,75.0,descending_rate,DNpe031,-60.0,-20.0,40.0,-60.0,40.0,0.0,26.666666666666664
hold,75.0,descending_rate,DNpe040,0.0,40.0,40.0,-60.0,40.0,0.0,26.666666666666664
hold,75.0,descending_rate,DNpe056,-80.0,0.0,80.0,-60.0,40.0,0.0,26.666666666666664
hold,75.0,fixed_motor,turn_bias,-60.0,40.0,100.0,-60.0,40.0,0.0,26.666666666666664
hold,75.0,recommended_descending,turn_bias,0.0,26.666666666666664,26.666666666666664,-60.0,40.0,0.0,26.666666666666664
hold,100.0,relay_voltage,LC19,8.532279332478844,-1.2421464920043945,-9.774425824483238,-40.0,100.0,-13.333333333333336,-26.666666666666668
hold,100.0,relay_voltage,LC31a,-10.260921702665442,4.269451702342316,14.530373405007758,-40.0,100.0,-13.333333333333336,-26.666666666666668
hold,100.0,relay_voltage,LC31b,-13.501351928710939,10.934011840820311,24.43536376953125,-40.0,100.0,-13.333333333333336,-26.666666666666668
hold,100.0,relay_voltage,LCe04,-2.9852233727773054,2.8958934148152693,5.881116787592575,-40.0,100.0,-13.333333333333336,-26.666666666666668
hold,100.0,relay_voltage,LCe06,-0.7965175628662138,-0.7099132537841797,0.08660430908203409,-40.0,100.0,-13.333333333333336,-26.666666666666668
hold,100.0,relay_voltage,LT82a,0.3415546417236328,-21.5714168548584,-21.91297149658203,-40.0,100.0,-13.333333333333336,-26.666666666666668
hold,100.0,descending_rate,DNae002,80.0,-40.0,-120.0,-40.0,100.0,-13.333333333333336,-26.666666666666668
hold,100.0,descending_rate,DNb01,-40.0,40.0,80.0,-40.0,100.0,-13.333333333333336,-26.666666666666668
hold,100.0,descending_rate,DNb09,40.0,0.0,-40.0,-40.0,100.0,-13.333333333333336,-26.666666666666668
hold,100.0,descending_rate,DNg97,40.0,40.0,0.0,-40.0,100.0,-13.333333333333336,-26.666666666666668
hold,100.0,descending_rate,DNp06,0.0,0.0,0.0,-40.0,100.0,-13.333333333333336,-26.666666666666668
hold,100.0,descending_rate,DNp09,-40.0,0.0,40.0,-40.0,100.0,-13.333333333333336,-26.666666666666668
hold,100.0,descending_rate,DNp103,160.0,80.0,-80.0,-40.0,100.0,-13.333333333333336,-26.666666666666668
hold,100.0,descending_rate,DNp18,120.0,-80.0,-200.0,-40.0,100.0,-13.333333333333336,-26.666666666666668
hold,100.0,descending_rate,DNp35,0.0,0.0,0.0,-40.0,100.0,-13.333333333333336,-26.666666666666668
hold,100.0,descending_rate,DNp43,0.0,0.0,0.0,-40.0,100.0,-13.333333333333336,-26.666666666666668
hold,100.0,descending_rate,DNp69,0.0,0.0,0.0,-40.0,100.0,-13.333333333333336,-26.666666666666668
hold,100.0,descending_rate,DNp71,0.0,-40.0,-40.0,-40.0,100.0,-13.333333333333336,-26.666666666666668
hold,100.0,descending_rate,DNpe016,-40.0,0.0,40.0,-40.0,100.0,-13.333333333333336,-26.666666666666668
hold,100.0,descending_rate,DNpe031,0.0,-20.0,-20.0,-40.0,100.0,-13.333333333333336,-26.666666666666668
hold,100.0,descending_rate,DNpe040,0.0,-40.0,-40.0,-40.0,100.0,-13.333333333333336,-26.666666666666668
hold,100.0,descending_rate,DNpe056,-40.0,0.0,40.0,-40.0,100.0,-13.333333333333336,-26.666666666666668
hold,100.0,fixed_motor,turn_bias,-40.0,100.0,140.0,-40.0,100.0,-13.333333333333336,-26.666666666666668
hold,100.0,recommended_descending,turn_bias,-13.333333333333336,-26.666666666666668,-13.333333333333332,-40.0,100.0,-13.333333333333336,-26.666666666666668
hold,125.0,relay_voltage,LC19,2.7227188746134416,-2.1874583562215193,-4.910177230834961,40.0,40.0,26.666666666666664,26.666666666666668
hold,125.0,relay_voltage,LC31a,-9.83694275999381,3.9191755033006856,13.756118263294496,40.0,40.0,26.666666666666664,26.666666666666668
hold,125.0,relay_voltage,LC31b,-12.613021850585938,10.276993560791013,22.89001541137695,40.0,40.0,26.666666666666664,26.666666666666668
hold,125.0,relay_voltage,LCe04,-2.9242498874664307,2.9025166034698486,5.826766490936279,40.0,40.0,26.666666666666664,26.666666666666668
hold,125.0,relay_voltage,LCe06,-2.520472081502284,-0.896472549438478,1.6239995320638059,40.0,40.0,26.666666666666664,26.666666666666668
hold,125.0,relay_voltage,LT82a,2.2918262481689453,-21.899702072143555,-24.1915283203125,40.0,40.0,26.666666666666664,26.666666666666668
hold,125.0,descending_rate,DNae002,0.0,40.0,40.0,40.0,40.0,26.666666666666664,26.666666666666668
hold,125.0,descending_rate,DNb01,-40.0,0.0,40.0,40.0,40.0,26.666666666666664,26.666666666666668
hold,125.0,descending_rate,DNb09,0.0,-80.0,-80.0,40.0,40.0,26.666666666666664,26.666666666666668
hold,125.0,descending_rate,DNg97,80.0,0.0,-80.0,40.0,40.0,26.666666666666664,26.666666666666668
hold,125.0,descending_rate,DNp06,0.0,0.0,0.0,40.0,40.0,26.666666666666664,26.666666666666668
hold,125.0,descending_rate,DNp09,-40.0,0.0,40.0,40.0,40.0,26.666666666666664,26.666666666666668
hold,125.0,descending_rate,DNp103,80.0,-80.0,-160.0,40.0,40.0,26.666666666666664,26.666666666666668
hold,125.0,descending_rate,DNp18,80.0,0.0,-80.0,40.0,40.0,26.666666666666664,26.666666666666668
hold,125.0,descending_rate,DNp35,0.0,0.0,0.0,40.0,40.0,26.666666666666664,26.666666666666668
hold,125.0,descending_rate,DNp43,-80.0,0.0,80.0,40.0,40.0,26.666666666666664,26.666666666666668
hold,125.0,descending_rate,DNp69,0.0,0.0,0.0,40.0,40.0,26.666666666666664,26.666666666666668
hold,125.0,descending_rate,DNp71,40.0,0.0,-40.0,40.0,40.0,26.666666666666664,26.666666666666668
hold,125.0,descending_rate,DNpe016,0.0,0.0,0.0,40.0,40.0,26.666666666666664,26.666666666666668
hold,125.0,descending_rate,DNpe031,-40.0,0.0,40.0,40.0,40.0,26.666666666666664,26.666666666666668
hold,125.0,descending_rate,DNpe040,80.0,40.0,-40.0,40.0,40.0,26.666666666666664,26.666666666666668
hold,125.0,descending_rate,DNpe056,-40.0,40.0,80.0,40.0,40.0,26.666666666666664,26.666666666666668
hold,125.0,fixed_motor,turn_bias,40.0,40.0,0.0,40.0,40.0,26.666666666666664,26.666666666666668
hold,125.0,recommended_descending,turn_bias,26.666666666666664,26.666666666666668,3.552713678800501e-15,40.0,40.0,26.666666666666664,26.666666666666668
hold,150.0,relay_voltage,LC19,-2.631827036539711,-1.3742922147115095,1.2575348218282016,-40.0,0.0,-26.66666666666667,0.0
hold,150.0,relay_voltage,LC31a,-9.970699971018277,4.220562629450384,14.191262600468662,-40.0,0.0,-26.66666666666667,0.0
hold,150.0,relay_voltage,LC31b,-12.902964019775396,10.197422790527341,23.100386810302737,-40.0,0.0,-26.66666666666667,0.0
hold,150.0,relay_voltage,LCe04,-2.9588499069213867,2.982748667399086,5.941598574320473,-40.0,0.0,-26.66666666666667,0.0
hold,150.0,relay_voltage,LCe06,-3.953336715698242,-0.3729531606038421,3.5803835550944,-40.0,0.0,-26.66666666666667,0.0
hold,150.0,relay_voltage,LT82a,1.2214374542236328,-21.805692672729492,-23.027130126953125,-40.0,0.0,-26.66666666666667,0.0
hold,150.0,descending_rate,DNae002,0.0,40.0,40.0,-40.0,0.0,-26.66666666666667,0.0
hold,150.0,descending_rate,DNb01,0.0,80.0,80.0,-40.0,0.0,-26.66666666666667,0.0
hold,150.0,descending_rate,DNb09,0.0,-40.0,-40.0,-40.0,0.0,-26.66666666666667,0.0
hold,150.0,descending_rate,DNg97,0.0,-40.0,-40.0,-40.0,0.0,-26.66666666666667,0.0
hold,150.0,descending_rate,DNp06,0.0,0.0,0.0,-40.0,0.0,-26.66666666666667,0.0
hold,150.0,descending_rate,DNp09,-40.0,0.0,40.0,-40.0,0.0,-26.66666666666667,0.0
hold,150.0,descending_rate,DNp103,80.0,0.0,-80.0,-40.0,0.0,-26.66666666666667,0.0
hold,150.0,descending_rate,DNp18,40.0,-40.0,-80.0,-40.0,0.0,-26.66666666666667,0.0
hold,150.0,descending_rate,DNp35,0.0,0.0,0.0,-40.0,0.0,-26.66666666666667,0.0
hold,150.0,descending_rate,DNp43,0.0,0.0,0.0,-40.0,0.0,-26.66666666666667,0.0
hold,150.0,descending_rate,DNp69,0.0,0.0,0.0,-40.0,0.0,-26.66666666666667,0.0
hold,150.0,descending_rate,DNp71,0.0,0.0,0.0,-40.0,0.0,-26.66666666666667,0.0
hold,150.0,descending_rate,DNpe016,0.0,-40.0,-40.0,-40.0,0.0,-26.66666666666667,0.0
hold,150.0,descending_rate,DNpe031,0.0,-60.0,-60.0,-40.0,0.0,-26.66666666666667,0.0
hold,150.0,descending_rate,DNpe040,-40.0,0.0,40.0,-40.0,0.0,-26.66666666666667,0.0
hold,150.0,descending_rate,DNpe056,-40.0,0.0,40.0,-40.0,0.0,-26.66666666666667,0.0
hold,150.0,fixed_motor,turn_bias,-40.0,0.0,40.0,-40.0,0.0,-26.66666666666667,0.0
hold,150.0,recommended_descending,turn_bias,-26.66666666666667,0.0,26.66666666666667,-40.0,0.0,-26.66666666666667,0.0
hold,175.0,relay_voltage,LC19,1.2198836008707659,1.3190457026163713,0.09916210174560547,-40.0,0.0,-13.333333333333336,-13.333333333333332
hold,175.0,relay_voltage,LC31a,-10.04993554657581,4.556428971633409,14.606364518209219,-40.0,0.0,-13.333333333333336,-13.333333333333332
hold,175.0,relay_voltage,LC31b,-13.634800720214848,10.525350952148436,24.160151672363284,-40.0,0.0,-13.333333333333336,-13.333333333333332
hold,175.0,relay_voltage,LCe04,-3.0181708335876465,2.869699637095131,5.887870470682778,-40.0,0.0,-13.333333333333336,-13.333333333333332
hold,175.0,relay_voltage,LCe06,-3.254129409790039,0.12303415934244555,3.3771635691324846,-40.0,0.0,-13.333333333333336,-13.333333333333332
hold,175.0,relay_voltage,LT82a,0.3817138671875,-21.006155014038086,-21.387868881225586,-40.0,0.0,-13.333333333333336,-13.333333333333332
hold,175.0,descending_rate,DNae002,40.0,40.0,0.0,-40.0,0.0,-13.333333333333336,-13.333333333333332
hold,175.0,descending_rate,DNb01,-40.0,80.0,120.0,-40.0,0.0,-13.333333333333336,-13.333333333333332
hold,175.0,descending_rate,DNb09,0.0,-40.0,-40.0,-40.0,0.0,-13.333333333333336,-13.333333333333332
hold,175.0,descending_rate,DNg97,0.0,-80.0,-80.0,-40.0,0.0,-13.333333333333336,-13.333333333333332
hold,175.0,descending_rate,DNp06,0.0,0.0,0.0,-40.0,0.0,-13.333333333333336,-13.333333333333332
hold,175.0,descending_rate,DNp09,-40.0,0.0,40.0,-40.0,0.0,-13.333333333333336,-13.333333333333332
hold,175.0,descending_rate,DNp103,40.0,0.0,-40.0,-40.0,0.0,-13.333333333333336,-13.333333333333332
hold,175.0,descending_rate,DNp18,80.0,-40.0,-120.0,-40.0,0.0,-13.333333333333336,-13.333333333333332
hold,175.0,descending_rate,DNp35,0.0,0.0,0.0,-40.0,0.0,-13.333333333333336,-13.333333333333332
hold,175.0,descending_rate,DNp43,-40.0,0.0,40.0,-40.0,0.0,-13.333333333333336,-13.333333333333332
hold,175.0,descending_rate,DNp69,0.0,0.0,0.0,-40.0,0.0,-13.333333333333336,-13.333333333333332
hold,175.0,descending_rate,DNp71,-40.0,-40.0,0.0,-40.0,0.0,-13.333333333333336,-13.333333333333332
hold,175.0,descending_rate,DNpe016,80.0,40.0,-40.0,-40.0,0.0,-13.333333333333336,-13.333333333333332
hold,175.0,descending_rate,DNpe031,-20.0,-20.0,0.0,-40.0,0.0,-13.333333333333336,-13.333333333333332
hold,175.0,descending_rate,DNpe040,40.0,0.0,-40.0,-40.0,0.0,-13.333333333333336,-13.333333333333332
hold,175.0,descending_rate,DNpe056,-40.0,0.0,40.0,-40.0,0.0,-13.333333333333336,-13.333333333333332
hold,175.0,fixed_motor,turn_bias,-40.0,0.0,40.0,-40.0,0.0,-13.333333333333336,-13.333333333333332
hold,175.0,recommended_descending,turn_bias,-13.333333333333336,-13.333333333333332,3.552713678800501e-15,-40.0,0.0,-13.333333333333336,-13.333333333333332
hold,200.0,relay_voltage,LC19,3.955965677897133,4.5895563761393205,0.6335906982421875,20.0,-20.0,0.0,-13.333333333333332
hold,200.0,relay_voltage,LC31a,-10.371107388166038,4.199798384523078,14.570905772689116,20.0,-20.0,0.0,-13.333333333333332
hold,200.0,relay_voltage,LC31b,-13.678891754150392,10.016196441650393,23.695088195800786,20.0,-20.0,0.0,-13.333333333333332
hold,200.0,relay_voltage,LCe04,-3.02034068107605,2.9514284133911133,5.971769094467163,20.0,-20.0,0.0,-13.333333333333332
hold,200.0,relay_voltage,LCe06,-0.9690484364827512,0.3410685221354157,1.310116958618167,20.0,-20.0,0.0,-13.333333333333332
hold,200.0,relay_voltage,LT82a,1.3585090637207031,-20.968799591064453,-22.327308654785156,20.0,-20.0,0.0,-13.333333333333332
hold,200.0,descending_rate,DNae002,40.0,40.0,0.0,20.0,-20.0,0.0,-13.333333333333332
hold,200.0,descending_rate,DNb01,-40.0,40.0,80.0,20.0,-20.0,0.0,-13.333333333333332
hold,200.0,descending_rate,DNb09,40.0,-40.0,-80.0,20.0,-20.0,0.0,-13.333333333333332
hold,200.0,descending_rate,DNg97,80.0,-40.0,-120.0,20.0,-20.0,0.0,-13.333333333333332
hold,200.0,descending_rate,DNp06,0.0,0.0,0.0,20.0,-20.0,0.0,-13.333333333333332
hold,200.0,descending_rate,DNp09,-40.0,0.0,40.0,20.0,-20.0,0.0,-13.333333333333332
hold,200.0,descending_rate,DNp103,80.0,40.0,-40.0,20.0,-20.0,0.0,-13.333333333333332
hold,200.0,descending_rate,DNp18,40.0,-80.0,-120.0,20.0,-20.0,0.0,-13.333333333333332
hold,200.0,descending_rate,DNp35,0.0,0.0,0.0,20.0,-20.0,0.0,-13.333333333333332
hold,200.0,descending_rate,DNp43,-40.0,0.0,40.0,20.0,-20.0,0.0,-13.333333333333332
hold,200.0,descending_rate,DNp69,0.0,0.0,0.0,20.0,-20.0,0.0,-13.333333333333332
hold,200.0,descending_rate,DNp71,40.0,-40.0,-80.0,20.0,-20.0,0.0,-13.333333333333332
hold,200.0,descending_rate,DNpe016,80.0,80.0,0.0,20.0,-20.0,0.0,-13.333333333333332
hold,200.0,descending_rate,DNpe031,0.0,-40.0,-40.0,20.0,-20.0,0.0,-13.333333333333332
hold,200.0,descending_rate,DNpe040,40.0,40.0,0.0,20.0,-20.0,0.0,-13.333333333333332
hold,200.0,descending_rate,DNpe056,-80.0,-40.0,40.0,20.0,-20.0,0.0,-13.333333333333332
hold,200.0,fixed_motor,turn_bias,20.0,-20.0,-40.0,20.0,-20.0,0.0,-13.333333333333332
hold,200.0,recommended_descending,turn_bias,0.0,-13.333333333333332,-13.333333333333332,20.0,-20.0,0.0,-13.333333333333332
hold,225.0,relay_voltage,LC19,4.118067264556885,5.651010195414223,1.5329429308573381,-60.0,40.0,-26.66666666666667,40.0
hold,225.0,relay_voltage,LC31a,-10.420728234683764,3.9351720747604872,14.355900309444252,-60.0,40.0,-26.66666666666667,40.0
hold,225.0,relay_voltage,LC31b,-13.32968444824219,10.641239929199216,23.970924377441406,-60.0,40.0,-26.66666666666667,40.0
hold,225.0,relay_voltage,LCe04,-3.0185188452402727,3.0146759351094587,6.0331947803497314,-60.0,40.0,-26.66666666666667,40.0
hold,225.0,relay_voltage,LCe06,-0.5981778462727902,0.7838836669921889,1.3820615132649792,-60.0,40.0,-26.66666666666667,40.0
hold,225.0,relay_voltage,LT82a,1.3319339752197266,-23.211257934570312,-24.54319190979004,-60.0,40.0,-26.66666666666667,40.0
hold,225.0,descending_rate,DNae002,40.0,-40.0,-80.0,-60.0,40.0,-26.66666666666667,40.0
hold,225.0,descending_rate,DNb01,-40.0,40.0,80.0,-60.0,40.0,-26.66666666666667,40.0
hold,225.0,descending_rate,DNb09,0.0,0.0,0.0,-60.0,40.0,-26.66666666666667,40.0
hold,225.0,descending_rate,DNg97,40.0,80.0,40.0,-60.0,40.0,-26.66666666666667,40.0
hold,225.0,descending_rate,DNp06,0.0,0.0,0.0,-60.0,40.0,-26.66666666666667,40.0
hold,225.0,descending_rate,DNp09,-40.0,0.0,40.0,-60.0,40.0,-26.66666666666667,40.0
hold,225.0,descending_rate,DNp103,0.0,-40.0,-40.0,-60.0,40.0,-26.66666666666667,40.0
hold,225.0,descending_rate,DNp18,0.0,0.0,0.0,-60.0,40.0,-26.66666666666667,40.0
hold,225.0,descending_rate,DNp35,0.0,0.0,0.0,-60.0,40.0,-26.66666666666667,40.0
hold,225.0,descending_rate,DNp43,-40.0,0.0,40.0,-60.0,40.0,-26.66666666666667,40.0
hold,225.0,descending_rate,DNp69,0.0,0.0,0.0,-60.0,40.0,-26.66666666666667,40.0
hold,225.0,descending_rate,DNp71,0.0,0.0,0.0,-60.0,40.0,-26.66666666666667,40.0
hold,225.0,descending_rate,DNpe016,40.0,-40.0,-80.0,-60.0,40.0,-26.66666666666667,40.0
hold,225.0,descending_rate,DNpe031,-40.0,40.0,80.0,-60.0,40.0,-26.66666666666667,40.0
hold,225.0,descending_rate,DNpe040,0.0,0.0,0.0,-60.0,40.0,-26.66666666666667,40.0
hold,225.0,descending_rate,DNpe056,-80.0,120.0,200.0,-60.0,40.0,-26.66666666666667,40.0
hold,225.0,fixed_motor,turn_bias,-60.0,40.0,100.0,-60.0,40.0,-26.66666666666667,40.0
hold,225.0,recommended_descending,turn_bias,-26.66666666666667,40.0,66.66666666666667,-60.0,40.0,-26.66666666666667,40.0
hold,250.0,relay_voltage,LC19,2.145585695902504,4.876408735911049,2.730823040008545,-60.0,20.0,13.333333333333336,-13.333333333333332
hold,250.0,relay_voltage,LC31a,-9.496487150005265,3.6032374263588878,13.099724576364153,-60.0,20.0,13.333333333333336,-13.333333333333332
hold,250.0,relay_voltage,LC31b,-11.90896301269531,9.422855377197266,21.331818389892575,-60.0,20.0,13.333333333333336,-13.333333333333332
hold,250.0,relay_voltage,LCe04,-2.893695592880249,2.870257695515953,5.763953288396202,-60.0,20.0,13.333333333333336,-13.333333333333332
hold,250.0,relay_voltage,LCe06,-1.441528193155925,1.0733325958251925,2.5148607889811174,-60.0,20.0,13.333333333333336,-13.333333333333332
hold,250.0,relay_voltage,LT82a,2.3408241271972656,-24.013954162597656,-26.354778289794922,-60.0,20.0,13.333333333333336,-13.333333333333332
hold,250.0,descending_rate,DNae002,40.0,0.0,-40.0,-60.0,20.0,13.333333333333336,-13.333333333333332
hold,250.0,descending_rate,DNb01,0.0,80.0,80.0,-60.0,20.0,13.333333333333336,-13.333333333333332
hold,250.0,descending_rate,DNb09,40.0,0.0,-40.0,-60.0,20.0,13.333333333333336,-13.333333333333332
hold,250.0,descending_rate,DNg97,40.0,40.0,0.0,-60.0,20.0,13.333333333333336,-13.333333333333332
hold,250.0,descending_rate,DNp06,0.0,0.0,0.0,-60.0,20.0,13.333333333333336,-13.333333333333332
hold,250.0,descending_rate,DNp09,-40.0,0.0,40.0,-60.0,20.0,13.333333333333336,-13.333333333333332
hold,250.0,descending_rate,DNp103,80.0,40.0,-40.0,-60.0,20.0,13.333333333333336,-13.333333333333332
hold,250.0,descending_rate,DNp18,120.0,-40.0,-160.0,-60.0,20.0,13.333333333333336,-13.333333333333332
hold,250.0,descending_rate,DNp35,0.0,0.0,0.0,-60.0,20.0,13.333333333333336,-13.333333333333332
hold,250.0,descending_rate,DNp43,-80.0,0.0,80.0,-60.0,20.0,13.333333333333336,-13.333333333333332
hold,250.0,descending_rate,DNp69,0.0,0.0,0.0,-60.0,20.0,13.333333333333336,-13.333333333333332
hold,250.0,descending_rate,DNp71,40.0,0.0,-40.0,-60.0,20.0,13.333333333333336,-13.333333333333332
hold,250.0,descending_rate,DNpe016,0.0,80.0,80.0,-60.0,20.0,13.333333333333336,-13.333333333333332
hold,250.0,descending_rate,DNpe031,0.0,-40.0,-40.0,-60.0,20.0,13.333333333333336,-13.333333333333332
hold,250.0,descending_rate,DNpe040,0.0,0.0,0.0,-60.0,20.0,13.333333333333336,-13.333333333333332
hold,250.0,descending_rate,DNpe056,0.0,-40.0,-40.0,-60.0,20.0,13.333333333333336,-13.333333333333332
hold,250.0,fixed_motor,turn_bias,-60.0,20.0,80.0,-60.0,20.0,13.333333333333336,-13.333333333333332
hold,250.0,recommended_descending,turn_bias,13.333333333333336,-13.333333333333332,-26.666666666666668,-60.0,20.0,13.333333333333336,-13.333333333333332
hold,275.0,relay_voltage,LC19,2.7017993927001953,6.2617411613464355,3.5599417686462402,0.0,0.0,-13.333333333333336,0.0
hold,275.0,relay_voltage,LC31a,-9.644181806277608,4.045802434285484,13.689984240563092,0.0,0.0,-13.333333333333336,0.0
hold,275.0,relay_voltage,LC31b,-11.904203796386717,10.05478210449219,21.958985900878908,0.0,0.0,-13.333333333333336,0.0
hold,275.0,relay_voltage,LCe04,-2.9045943419138567,2.9408818880716936,5.84547622998555,0.0,0.0,-13.333333333333336,0.0
hold,275.0,relay_voltage,LCe06,-0.37990201314290317,0.9642725626627566,1.3441745758056598,0.0,0.0,-13.333333333333336,0.0
hold,275.0,relay_voltage,LT82a,1.0986900329589844,-22.294828414916992,-23.393518447875977,0.0,0.0,-13.333333333333336,0.0
hold,275.0,descending_rate,DNae002,0.0,80.0,80.0,0.0,0.0,-13.333333333333336,0.0
hold,275.0,descending_rate,DNb01,-80.0,40.0,120.0,0.0,0.0,-13.333333333333336,0.0
hold,275.0,descending_rate,DNb09,0.0,0.0,0.0,0.0,0.0,-13.333333333333336,0.0
hold,275.0,descending_rate,DNg97,40.0,0.0,-40.0,0.0,0.0,-13.333333333333336,0.0
hold,275.0,descending_rate,DNp06,0.0,0.0,0.0,0.0,0.0,-13.333333333333336,0.0
hold,275.0,descending_rate,DNp09,0.0,0.0,0.0,0.0,0.0,-13.333333333333336,0.0
hold,275.0,descending_rate,DNp103,40.0,-40.0,-80.0,0.0,0.0,-13.333333333333336,0.0
hold,275.0,descending_rate,DNp18,40.0,0.0,-40.0,0.0,0.0,-13.333333333333336,0.0
hold,275.0,descending_rate,DNp35,0.0,0.0,0.0,0.0,0.0,-13.333333333333336,0.0
hold,275.0,descending_rate,DNp43,0.0,0.0,0.0,0.0,0.0,-13.333333333333336,0.0
hold,275.0,descending_rate,DNp69,0.0,0.0,0.0,0.0,0.0,-13.333333333333336,0.0
hold,275.0,descending_rate,DNp71,0.0,0.0,0.0,0.0,0.0,-13.333333333333336,0.0
hold,275.0,descending_rate,DNpe016,40.0,40.0,0.0,0.0,0.0,-13.333333333333336,0.0
hold,275.0,descending_rate,DNpe031,0.0,-40.0,-40.0,0.0,0.0,-13.333333333333336,0.0
hold,275.0,descending_rate,DNpe040,40.0,40.0,0.0,0.0,0.0,-13.333333333333336,0.0
hold,275.0,descending_rate,DNpe056,-80.0,-40.0,40.0,0.0,0.0,-13.333333333333336,0.0
hold,275.0,fixed_motor,turn_bias,0.0,0.0,0.0,0.0,0.0,-13.333333333333336,0.0
hold,275.0,recommended_descending,turn_bias,-13.333333333333336,0.0,13.333333333333336,0.0,0.0,-13.333333333333336,0.0
hold,300.0,relay_voltage,LC19,0.8781976699829102,10.534631093343101,9.656433423360191,-20.0,0.0,-40.0,0.0
hold,300.0,relay_voltage,LC31a,-9.812127817689984,4.402984669005953,14.215112486695936,-20.0,0.0,-40.0,0.0
hold,300.0,relay_voltage,LC31b,-11.898517608642578,10.041075134277342,21.93959274291992,-20.0,0.0,-40.0,0.0
hold,300.0,relay_voltage,LCe04,-2.9408067067464216,2.9871422449747698,5.927948951721191,-20.0,0.0,-40.0,0.0
hold,300.0,relay_voltage,LCe06,-1.1141965230306,1.0387252807617173,2.1529218037923172,-20.0,0.0,-40.0,0.0
hold,300.0,relay_voltage,LT82a,1.5025749206542969,-22.49039077758789,-23.992965698242188,-20.0,0.0,-40.0,0.0
hold,300.0,descending_rate,DNae002,-80.0,0.0,80.0,-20.0,0.0,-40.0,0.0
hold,300.0,descending_rate,DNb01,-40.0,40.0,80.0,-20.0,0.0,-40.0,0.0
hold,300.0,descending_rate,DNb09,40.0,-40.0,-80.0,-20.0,0.0,-40.0,0.0
hold,300.0,descending_rate,DNg97,80.0,0.0,-80.0,-20.0,0.0,-40.0,0.0
hold,300.0,descending_rate,DNp06,0.0,0.0,0.0,-20.0,0.0,-40.0,0.0
hold,300.0,descending_rate,DNp09,-40.0,0.0,40.0,-20.0,0.0,-40.0,0.0
hold,300.0,descending_rate,DNp103,120.0,0.0,-120.0,-20.0,0.0,-40.0,0.0
hold,300.0,descending_rate,DNp18,120.0,-40.0,-160.0,-20.0,0.0,-40.0,0.0
hold,300.0,descending_rate,DNp35,0.0,0.0,0.0,-20.0,0.0,-40.0,0.0
hold,300.0,descending_rate,DNp43,-40.0,0.0,40.0,-20.0,0.0,-40.0,0.0
hold,300.0,descending_rate,DNp69,0.0,0.0,0.0,-20.0,0.0,-40.0,0.0
hold,300.0,descending_rate,DNp71,-40.0,0.0,40.0,-20.0,0.0,-40.0,0.0
hold,300.0,descending_rate,DNpe016,0.0,40.0,40.0,-20.0,0.0,-40.0,0.0
hold,300.0,descending_rate,DNpe031,0.0,20.0,20.0,-20.0,0.0,-40.0,0.0
hold,300.0,descending_rate,DNpe040,0.0,0.0,0.0,-20.0,0.0,-40.0,0.0
hold,300.0,descending_rate,DNpe056,-80.0,0.0,80.0,-20.0,0.0,-40.0,0.0
hold,300.0,fixed_motor,turn_bias,-20.0,0.0,20.0,-20.0,0.0,-40.0,0.0
hold,300.0,recommended_descending,turn_bias,-40.0,0.0,40.0,-20.0,0.0,-40.0,0.0
hold,325.0,relay_voltage,LC19,1.222297032674156,12.721297899881996,11.49900086720784,20.0,-40.0,-13.333333333333336,-13.333333333333336
hold,325.0,relay_voltage,LC31a,-10.022261551003055,3.8750736386168256,13.89733518961988,20.0,-40.0,-13.333333333333336,-13.333333333333336
hold,325.0,relay_voltage,LC31b,-12.84614715576172,10.051461791992189,22.89760894775391,20.0,-40.0,-13.333333333333336,-13.333333333333336
hold,325.0,relay_voltage,LCe04,-2.8139513333638533,2.947481791178383,5.761433124542236,20.0,-40.0,-13.333333333333336,-13.333333333333336
hold,325.0,relay_voltage,LCe06,-1.8265514373779297,1.3306936899820911,3.157245127360021,20.0,-40.0,-13.333333333333336,-13.333333333333336
hold,325.0,relay_voltage,LT82a,0.9251785278320312,-24.48497772216797,-25.41015625,20.0,-40.0,-13.333333333333336,-13.333333333333336
hold,325.0,descending_rate,DNae002,-40.0,0.0,40.0,20.0,-40.0,-13.333333333333336,-13.333333333333336
hold,325.0,descending_rate,DNb01,-80.0,80.0,160.0,20.0,-40.0,-13.333333333333336,-13.333333333333336
hold,325.0,descending_rate,DNb09,0.0,0.0,0.0,20.0,-40.0,-13.333333333333336,-13.333333333333336
hold,325.0,descending_rate,DNg97,40.0,-40.0,-80.0,20.0,-40.0,-13.333333333333336,-13.333333333333336
hold,325.0,descending_rate,DNp06,0.0,0.0,0.0,20.0,-40.0,-13.333333333333336,-13.333333333333336
hold,325.0,descending_rate,DNp09,0.0,0.0,0.0,20.0,-40.0,-13.333333333333336,-13.333333333333336
hold,325.0,descending_rate,DNp103,120.0,-80.0,-200.0,20.0,-40.0,-13.333333333333336,-13.333333333333336
hold,325.0,descending_rate,DNp18,40.0,0.0,-40.0,20.0,-40.0,-13.333333333333336,-13.333333333333336
hold,325.0,descending_rate,DNp35,0.0,0.0,0.0,20.0,-40.0,-13.333333333333336,-13.333333333333336
hold,325.0,descending_rate,DNp43,-40.0,0.0,40.0,20.0,-40.0,-13.333333333333336,-13.333333333333336
hold,325.0,descending_rate,DNp69,0.0,0.0,0.0,20.0,-40.0,-13.333333333333336,-13.333333333333336
hold,325.0,descending_rate,DNp71,40.0,-40.0,-80.0,20.0,-40.0,-13.333333333333336,-13.333333333333336
hold,325.0,descending_rate,DNpe016,-40.0,40.0,80.0,20.0,-40.0,-13.333333333333336,-13.333333333333336
hold,325.0,descending_rate,DNpe031,-20.0,-60.0,-40.0,20.0,-40.0,-13.333333333333336,-13.333333333333336
hold,325.0,descending_rate,DNpe040,40.0,0.0,-40.0,20.0,-40.0,-13.333333333333336,-13.333333333333336
hold,325.0,descending_rate,DNpe056,-120.0,0.0,120.0,20.0,-40.0,-13.333333333333336,-13.333333333333336
hold,325.0,fixed_motor,turn_bias,20.0,-40.0,-60.0,20.0,-40.0,-13.333333333333336,-13.333333333333336
hold,325.0,recommended_descending,turn_bias,-13.333333333333336,-13.333333333333336,0.0,20.0,-40.0,-13.333333333333336,-13.333333333333336
hold,350.0,relay_voltage,LC19,-3.307203928629555,15.267677942911781,18.574881871541336,40.0,-40.0,0.0,26.666666666666664
hold,350.0,relay_voltage,LC31a,-9.862944908391412,3.4862067777346937,13.349151686126106,40.0,-40.0,0.0,26.666666666666664
hold,350.0,relay_voltage,LC31b,-13.476129913330077,10.121516418457027,23.597646331787104,40.0,-40.0,0.0,26.666666666666664
hold,350.0,relay_voltage,LCe04,-2.7514313062032087,2.919344743092857,5.670776049296066,40.0,-40.0,0.0,26.666666666666664
hold,350.0,relay_voltage,LCe06,-3.147387949625646,1.5253794352213532,4.672767384846999,40.0,-40.0,0.0,26.666666666666664
hold,350.0,relay_voltage,LT82a,2.940305709838867,-25.320039749145508,-28.260345458984375,40.0,-40.0,0.0,26.666666666666664
hold,350.0,descending_rate,DNae002,-120.0,80.0,200.0,40.0,-40.0,0.0,26.666666666666664
hold,350.0,descending_rate,DNb01,-80.0,80.0,160.0,40.0,-40.0,0.0,26.666666666666664
hold,350.0,descending_rate,DNb09,0.0,0.0,0.0,40.0,-40.0,0.0,26.666666666666664
hold,350.0,descending_rate,DNg97,80.0,0.0,-80.0,40.0,-40.0,0.0,26.666666666666664
hold,350.0,descending_rate,DNp06,0.0,0.0,0.0,40.0,-40.0,0.0,26.666666666666664
hold,350.0,descending_rate,DNp09,-40.0,0.0,40.0,40.0,-40.0,0.0,26.666666666666664
hold,350.0,descending_rate,DNp103,80.0,80.0,0.0,40.0,-40.0,0.0,26.666666666666664
hold,350.0,descending_rate,DNp18,0.0,-80.0,-80.0,40.0,-40.0,0.0,26.666666666666664
hold,350.0,descending_rate,DNp35,0.0,0.0,0.0,40.0,-40.0,0.0,26.666666666666664
hold,350.0,descending_rate,DNp43,-40.0,0.0,40.0,40.0,-40.0,0.0,26.666666666666664
hold,350.0,descending_rate,DNp69,0.0,0.0,0.0,40.0,-40.0,0.0,26.666666666666664
hold,350.0,descending_rate,DNp71,0.0,0.0,0.0,40.0,-40.0,0.0,26.666666666666664
hold,350.0,descending_rate,DNpe016,0.0,120.0,120.0,40.0,-40.0,0.0,26.666666666666664
hold,350.0,descending_rate,DNpe031,20.0,-20.0,-40.0,40.0,-40.0,0.0,26.666666666666664
hold,350.0,descending_rate,DNpe040,40.0,40.0,0.0,40.0,-40.0,0.0,26.666666666666664
hold,350.0,descending_rate,DNpe056,-40.0,40.0,80.0,40.0,-40.0,0.0,26.666666666666664
hold,350.0,fixed_motor,turn_bias,40.0,-40.0,-80.0,40.0,-40.0,0.0,26.666666666666664
hold,350.0,recommended_descending,turn_bias,0.0,26.666666666666664,26.666666666666664,40.0,-40.0,0.0,26.666666666666664
hold,375.0,relay_voltage,LC19,-3.1331327756245955,13.397394180297852,16.530526955922447,-20.0,-20.0,-39.99999999999999,-13.333333333333332
hold,375.0,relay_voltage,LC31a,-9.788935056698868,3.8082365272871,13.597171583985968,-20.0,-20.0,-39.99999999999999,-13.333333333333332
hold,375.0,relay_voltage,LC31b,-12.426910400390625,9.804381561279293,22.231291961669918,-20.0,-20.0,-39.99999999999999,-13.333333333333332
hold,375.0,relay_voltage,LCe04,-2.8838564554850237,3.0512042840321882,5.935060739517212,-20.0,-20.0,-39.99999999999999,-13.333333333333332
hold,375.0,relay_voltage,LCe06,-3.01075897216797,1.2625249226888045,4.273283894856775,-20.0,-20.0,-39.99999999999999,-13.333333333333332
hold,375.0,relay_voltage,LT82a,0.5617179870605469,-23.98843002319336,-24.550148010253906,-20.0,-20.0,-39.99999999999999,-13.333333333333332
hold,375.0,descending_rate,DNae002,-80.0,40.0,120.0,-20.0,-20.0,-39.99999999999999,-13.333333333333332
hold,375.0,descending_rate,DNb01,-80.0,80.0,160.0,-20.0,-20.0,-39.99999999999999,-13.333333333333332
hold,375.0,descending_rate,DNb09,0.0,-40.0,-40.0,-20.0,-20.0,-39.99999999999999,-13.333333333333332
hold,375.0,descending_rate,DNg97,80.0,-40.0,-120.0,-20.0,-20.0,-39.99999999999999,-13.333333333333332
hold,375.0,descending_rate,DNp06,0.0,0.0,0.0,-20.0,-20.0,-39.99999999999999,-13.333333333333332
hold,375.0,descending_rate,DNp09,-40.0,0.0,40.0,-20.0,-20.0,-39.99999999999999,-13.333333333333332
hold,375.0,descending_rate,DNp103,80.0,40.0,-40.0,-20.0,-20.0,-39.99999999999999,-13.333333333333332
hold,375.0,descending_rate,DNp18,40.0,40.0,0.0,-20.0,-20.0,-39.99999999999999,-13.333333333333332
hold,375.0,descending_rate,DNp35,0.0,0.0,0.0,-20.0,-20.0,-39.99999999999999,-13.333333333333332
hold,375.0,descending_rate,DNp43,-40.0,0.0,40.0,-20.0,-20.0,-39.99999999999999,-13.333333333333332
hold,375.0,descending_rate,DNp69,0.0,0.0,0.0,-20.0,-20.0,-39.99999999999999,-13.333333333333332
hold,375.0,descending_rate,DNp71,0.0,0.0,0.0,-20.0,-20.0,-39.99999999999999,-13.333333333333332
hold,375.0,descending_rate,DNpe016,40.0,80.0,40.0,-20.0,-20.0,-39.99999999999999,-13.333333333333332
hold,375.0,descending_rate,DNpe031,0.0,0.0,0.0,-20.0,-20.0,-39.99999999999999,-13.333333333333332
hold,375.0,descending_rate,DNpe040,0.0,-40.0,-40.0,-20.0,-20.0,-39.99999999999999,-13.333333333333332
hold,375.0,descending_rate,DNpe056,-120.0,0.0,120.0,-20.0,-20.0,-39.99999999999999,-13.333333333333332
hold,375.0,fixed_motor,turn_bias,-20.0,-20.0,0.0,-20.0,-20.0,-39.99999999999999,-13.333333333333332
hold,375.0,recommended_descending,turn_bias,-39.99999999999999,-13.333333333333332,26.66666666666666,-20.0,-20.0,-39.99999999999999,-13.333333333333332
hold,400.0,relay_voltage,LC19,-0.5141983032226562,14.07409381866455,14.588292121887207,20.0,20.0,13.333333333333336,26.66666666666667
hold,400.0,relay_voltage,LC31a,-9.960037730098549,4.19042741862777,14.150465148726319,20.0,20.0,13.333333333333336,26.66666666666667
hold,400.0,relay_voltage,LC31b,-13.170346069335942,10.02372512817383,23.19407119750977,20.0,20.0,13.333333333333336,26.66666666666667
hold,400.0,relay_voltage,LCe04,-2.8464326063791887,2.9564882914225237,5.802920897801712,20.0,20.0,13.333333333333336,26.66666666666667
hold,400.0,relay_voltage,LCe06,-3.4009991963704422,1.2938214619954422,4.6948206583658845,20.0,20.0,13.333333333333336,26.66666666666667
hold,400.0,relay_voltage,LT82a,-0.6347026824951172,-23.27845573425293,-22.643753051757812,20.0,20.0,13.333333333333336,26.66666666666667
hold,400.0,descending_rate,DNae002,-80.0,120.0,200.0,20.0,20.0,13.333333333333336,26.66666666666667
hold,400.0,descending_rate,DNb01,-40.0,120.0,160.0,20.0,20.0,13.333333333333336,26.66666666666667
hold,400.0,descending_rate,DNb09,0.0,0.0,0.0,20.0,20.0,13.333333333333336,26.66666666666667
hold,400.0,descending_rate,DNg97,40.0,-120.0,-160.0,20.0,20.0,13.333333333333336,26.66666666666667
hold,400.0,descending_rate,DNp06,0.0,0.0,0.0,20.0,20.0,13.333333333333336,26.66666666666667
hold,400.0,descending_rate,DNp09,0.0,0.0,0.0,20.0,20.0,13.333333333333336,26.66666666666667
hold,400.0,descending_rate,DNp103,40.0,40.0,0.0,20.0,20.0,13.333333333333336,26.66666666666667
hold,400.0,descending_rate,DNp18,120.0,0.0,-120.0,20.0,20.0,13.333333333333336,26.66666666666667
hold,400.0,descending_rate,DNp35,0.0,0.0,0.0,20.0,20.0,13.333333333333336,26.66666666666667
hold,400.0,descending_rate,DNp43,-40.0,0.0,40.0,20.0,20.0,13.333333333333336,26.66666666666667
hold,400.0,descending_rate,DNp69,0.0,0.0,0.0,20.0,20.0,13.333333333333336,26.66666666666667
hold,400.0,descending_rate,DNp71,0.0,-40.0,-40.0,20.0,20.0,13.333333333333336,26.66666666666667
hold,400.0,descending_rate,DNpe016,40.0,120.0,80.0,20.0,20.0,13.333333333333336,26.66666666666667
hold,400.0,descending_rate,DNpe031,20.0,-40.0,-60.0,20.0,20.0,13.333333333333336,26.66666666666667
hold,400.0,descending_rate,DNpe040,40.0,40.0,0.0,20.0,20.0,13.333333333333336,26.66666666666667
hold,400.0,descending_rate,DNpe056,0.0,80.0,80.0,20.0,20.0,13.333333333333336,26.66666666666667
hold,400.0,fixed_motor,turn_bias,20.0,20.0,0.0,20.0,20.0,13.333333333333336,26.66666666666667
hold,400.0,recommended_descending,turn_bias,13.333333333333336,26.66666666666667,13.333333333333336,20.0,20.0,13.333333333333336,26.66666666666667
hold,425.0,relay_voltage,LC19,3.5124613444010393,14.226457754770912,10.713996410369873,0.0,60.0,-26.666666666666668,-13.333333333333332
hold,425.0,relay_voltage,LC31a,-9.985244389452966,4.235806920170006,14.221051309622972,0.0,60.0,-26.666666666666668,-13.333333333333332
hold,425.0,relay_voltage,LC31b,-13.200695037841797,10.598198699951169,23.798893737792966,0.0,60.0,-26.666666666666668,-13.333333333333332
hold,425.0,relay_voltage,LCe04,-2.9346816539764404,2.9080285231272356,5.842710177103676,0.0,60.0,-26.666666666666668,-13.333333333333332
hold,425.0,relay_voltage,LCe06,-2.0729732513427734,1.5490830739339216,3.622056325276695,0.0,60.0,-26.666666666666668,-13.333333333333332
hold,425.0,relay_voltage,LT82a,0.327728271484375,-21.084095001220703,-21.411823272705078,0.0,60.0,-26.666666666666668,-13.333333333333332
hold,425.0,descending_rate,DNae002,-40.0,80.0,120.0,0.0,60.0,-26.666666666666668,-13.333333333333332
hold,425.0,descending_rate,DNb01,-40.0,80.0,120.0,0.0,60.0,-26.666666666666668,-13.333333333333332
hold,425.0,descending_rate,DNb09,80.0,-40.0,-120.0,0.0,60.0,-26.666666666666668,-13.333333333333332
hold,425.0,descending_rate,DNg97,40.0,40.0,0.0,0.0,60.0,-26.666666666666668,-13.333333333333332
hold,425.0,descending_rate,DNp06,0.0,0.0,0.0,0.0,60.0,-26.666666666666668,-13.333333333333332
hold,425.0,descending_rate,DNp09,-40.0,0.0,40.0,0.0,60.0,-26.666666666666668,-13.333333333333332
hold,425.0,descending_rate,DNp103,120.0,-40.0,-160.0,0.0,60.0,-26.666666666666668,-13.333333333333332
hold,425.0,descending_rate,DNp18,80.0,80.0,0.0,0.0,60.0,-26.666666666666668,-13.333333333333332
hold,425.0,descending_rate,DNp35,0.0,0.0,0.0,0.0,60.0,-26.666666666666668,-13.333333333333332
hold,425.0,descending_rate,DNp43,-80.0,0.0,80.0,0.0,60.0,-26.666666666666668,-13.333333333333332
hold,425.0,descending_rate,DNp69,0.0,0.0,0.0,0.0,60.0,-26.666666666666668,-13.333333333333332
hold,425.0,descending_rate,DNp71,-40.0,0.0,40.0,0.0,60.0,-26.666666666666668,-13.333333333333332
hold,425.0,descending_rate,DNpe016,80.0,0.0,-80.0,0.0,60.0,-26.666666666666668,-13.333333333333332
hold,425.0,descending_rate,DNpe031,-60.0,-40.0,20.0,0.0,60.0,-26.666666666666668,-13.333333333333332
hold,425.0,descending_rate,DNpe040,40.0,-40.0,-80.0,0.0,60.0,-26.666666666666668,-13.333333333333332
hold,425.0,descending_rate,DNpe056,-80.0,0.0,80.0,0.0,60.0,-26.666666666666668,-13.333333333333332
hold,425.0,fixed_motor,turn_bias,0.0,60.0,60.0,0.0,60.0,-26.666666666666668,-13.333333333333332
hold,425.0,recommended_descending,turn_bias,-26.666666666666668,-13.333333333333332,13.333333333333336,0.0,60.0,-26.666666666666668,-13.333333333333332
hold,450.0,relay_voltage,LC19,4.802579720815025,7.955687363942467,3.1531076431274414,-20.0,0.0,-40.0,13.333333333333332
hold,450.0,relay_voltage,LC31a,-10.12561803082236,3.9017652374467104,14.02738326826907,-20.0,0.0,-40.0,13.333333333333332
hold,450.0,relay_voltage,LC31b,-13.328488922119135,10.489620971679692,23.818109893798827,-20.0,0.0,-40.0,13.333333333333332
hold,450.0,relay_voltage,LCe04,-2.9570578734079973,2.850905656814575,5.8079635302225725,-20.0,0.0,-40.0,13.333333333333332
hold,450.0,relay_voltage,LCe06,-0.14307034810384067,0.9973321278890026,1.1404024759928433,-20.0,0.0,-40.0,13.333333333333332
hold,450.0,relay_voltage,LT82a,0.9485912322998047,-21.296329498291016,-22.24492073059082,-20.0,0.0,-40.0,13.333333333333332
hold,450.0,descending_rate,DNae002,0.0,80.0,80.0,-20.0,0.0,-40.0,13.333333333333332
hold,450.0,descending_rate,DNb01,0.0,80.0,80.0,-20.0,0.0,-40.0,13.333333333333332
hold,450.0,descending_rate,DNb09,40.0,0.0,-40.0,-20.0,0.0,-40.0,13.333333333333332
hold,450.0,descending_rate,DNg97,120.0,-40.0,-160.0,-20.0,0.0,-40.0,13.333333333333332
hold,450.0,descending_rate,DNp06,0.0,0.0,0.0,-20.0,0.0,-40.0,13.333333333333332
hold,450.0,descending_rate,DNp09,-40.0,0.0,40.0,-20.0,0.0,-40.0,13.333333333333332
hold,450.0,descending_rate,DNp103,-40.0,80.0,120.0,-20.0,0.0,-40.0,13.333333333333332
hold,450.0,descending_rate,DNp18,40.0,0.0,-40.0,-20.0,0.0,-40.0,13.333333333333332
hold,450.0,descending_rate,DNp35,0.0,0.0,0.0,-20.0,0.0,-40.0,13.333333333333332
hold,450.0,descending_rate,DNp43,0.0,0.0,0.0,-20.0,0.0,-40.0,13.333333333333332
hold,450.0,descending_rate,DNp69,0.0,0.0,0.0,-20.0,0.0,-40.0,13.333333333333332
hold,450.0,descending_rate,DNp71,0.0,-40.0,-40.0,-20.0,0.0,-40.0,13.333333333333332
hold,450.0,descending_rate,DNpe016,40.0,40.0,0.0,-20.0,0.0,-40.0,13.333333333333332
hold,450.0,descending_rate,DNpe031,40.0,0.0,-40.0,-20.0,0.0,-40.0,13.333333333333332
hold,450.0,descending_rate,DNpe040,-40.0,40.0,80.0,-20.0,0.0,-40.0,13.333333333333332
hold,450.0,descending_rate,DNpe056,-80.0,40.0,120.0,-20.0,0.0,-40.0,13.333333333333332
hold,450.0,fixed_motor,turn_bias,-20.0,0.0,20.0,-20.0,0.0,-40.0,13.333333333333332
hold,450.0,recommended_descending,turn_bias,-40.0,13.333333333333332,53.33333333333333,-20.0,0.0,-40.0,13.333333333333332
hold,475.0,relay_voltage,LC19,4.365111351013184,8.469470183054604,4.10435883204142,-20.0,-20.0,0.0,-13.333333333333334
hold,475.0,relay_voltage,LC31a,-10.334220437442553,3.8970758650037993,14.231296302446353,-20.0,-20.0,0.0,-13.333333333333334
hold,475.0,relay_voltage,LC31b,-12.932953643798832,10.54312438964844,23.476078033447273,-20.0,-20.0,0.0,-13.333333333333334
hold,475.0,relay_voltage,LCe04,-2.9272122383117676,2.9093705813089983,5.836582819620766,-20.0,-20.0,0.0,-13.333333333333334
hold,475.0,relay_voltage,LCe06,-0.868523406982419,1.007631556193033,1.876154963175452,-20.0,-20.0,0.0,-13.333333333333334
hold,475.0,relay_voltage,LT82a,-0.09514045715332031,-23.838396072387695,-23.743255615234375,-20.0,-20.0,0.0,-13.333333333333334
hold,475.0,descending_rate,DNae002,0.0,80.0,80.0,-20.0,-20.0,0.0,-13.333333333333334
hold,475.0,descending_rate,DNb01,-40.0,80.0,120.0,-20.0,-20.0,0.0,-13.333333333333334
hold,475.0,descending_rate,DNb09,0.0,-40.0,-40.0,-20.0,-20.0,0.0,-13.333333333333334
hold,475.0,descending_rate,DNg97,80.0,-120.0,-200.0,-20.0,-20.0,0.0,-13.333333333333334
hold,475.0,descending_rate,DNp06,0.0,0.0,0.0,-20.0,-20.0,0.0,-13.333333333333334
hold,475.0,descending_rate,DNp09,-40.0,0.0,40.0,-20.0,-20.0,0.0,-13.333333333333334
hold,475.0,descending_rate,DNp103,120.0,40.0,-80.0,-20.0,-20.0,0.0,-13.333333333333334
hold,475.0,descending_rate,DNp18,80.0,0.0,-80.0,-20.0,-20.0,0.0,-13.333333333333334
hold,475.0,descending_rate,DNp35,0.0,0.0,0.0,-20.0,-20.0,0.0,-13.333333333333334
hold,475.0,descending_rate,DNp43,-40.0,0.0,40.0,-20.0,-20.0,0.0,-13.333333333333334
hold,475.0,descending_rate,DNp69,0.0,0.0,0.0,-20.0,-20.0,0.0,-13.333333333333334
hold,475.0,descending_rate,DNp71,40.0,0.0,-40.0,-20.0,-20.0,0.0,-13.333333333333334
hold,475.0,descending_rate,DNpe016,0.0,80.0,80.0,-20.0,-20.0,0.0,-13.333333333333334
hold,475.0,descending_rate,DNpe031,0.0,20.0,20.0,-20.0,-20.0,0.0,-13.333333333333334
hold,475.0,descending_rate,DNpe040,40.0,0.0,-40.0,-20.0,-20.0,0.0,-13.333333333333334
hold,475.0,descending_rate,DNpe056,-80.0,-40.0,40.0,-20.0,-20.0,0.0,-13.333333333333334
hold,475.0,fixed_motor,turn_bias,-20.0,-20.0,0.0,-20.0,-20.0,0.0,-13.333333333333334
hold,475.0,recommended_descending,turn_bias,0.0,-13.333333333333334,-13.333333333333334,-20.0,-20.0,0.0,-13.333333333333334
hold,500.0,relay_voltage,LC19,3.721749782562256,5.383204460144043,1.661454677581787,0.0,0.0,-26.66666666666667,13.333333333333332
hold,500.0,relay_voltage,LC31a,-10.085889492159573,3.7289276746363385,13.814817166795912,0.0,0.0,-26.66666666666667,13.333333333333332
hold,500.0,relay_voltage,LC31b,-12.618508911132814,10.007960510253909,22.626469421386723,0.0,0.0,-26.66666666666667,13.333333333333332
hold,500.0,relay_voltage,LCe04,-2.909202814102173,2.9929544925689697,5.902157306671143,0.0,0.0,-26.66666666666667,13.333333333333332
hold,500.0,relay_voltage,LCe06,-1.3666508992513045,0.3157506306966198,1.6824015299479242,0.0,0.0,-26.66666666666667,13.333333333333332
hold,500.0,relay_voltage,LT82a,-0.7118492126464844,-22.216354370117188,-21.504505157470703,0.0,0.0,-26.66666666666667,13.333333333333332
hold,500.0,descending_rate,DNae002,-40.0,40.0,80.0,0.0,0.0,-26.66666666666667,13.333333333333332
hold,500.0,descending_rate,DNb01,-40.0,40.0,80.0,0.0,0.0,-26.66666666666667,13.333333333333332
hold,500.0,descending_rate,DNb09,40.0,-40.0,-80.0,0.0,0.0,-26.66666666666667,13.333333333333332
hold,500.0,descending_rate,DNg97,80.0,-40.0,-120.0,0.0,0.0,-26.66666666666667,13.333333333333332
hold,500.0,descending_rate,DNp06,0.0,0.0,0.0,0.0,0.0,-26.66666666666667,13.333333333333332
hold,500.0,descending_rate,DNp09,-40.0,0.0,40.0,0.0,0.0,-26.66666666666667,13.333333333333332
hold,500.0,descending_rate,DNp103,160.0,40.0,-120.0,0.0,0.0,-26.66666666666667,13.333333333333332
hold,500.0,descending_rate,DNp18,120.0,0.0,-120.0,0.0,0.0,-26.66666666666667,13.333333333333332
hold,500.0,descending_rate,DNp35,0.0,0.0,0.0,0.0,0.0,-26.66666666666667,13.333333333333332
hold,500.0,descending_rate,DNp43,-40.0,0.0,40.0,0.0,0.0,-26.66666666666667,13.333333333333332
hold,500.0,descending_rate,DNp69,0.0,0.0,0.0,0.0,0.0,-26.66666666666667,13.333333333333332
hold,500.0,descending_rate,DNp71,0.0,0.0,0.0,0.0,0.0,-26.66666666666667,13.333333333333332
hold,500.0,descending_rate,DNpe016,80.0,0.0,-80.0,0.0,0.0,-26.66666666666667,13.333333333333332
hold,500.0,descending_rate,DNpe031,-40.0,0.0,40.0,0.0,0.0,-26.66666666666667,13.333333333333332
hold,500.0,descending_rate,DNpe040,0.0,40.0,40.0,0.0,0.0,-26.66666666666667,13.333333333333332
hold,500.0,descending_rate,DNpe056,-80.0,0.0,80.0,0.0,0.0,-26.66666666666667,13.333333333333332
hold,500.0,fixed_motor,turn_bias,0.0,0.0,0.0,0.0,0.0,-26.66666666666667,13.333333333333332
hold,500.0,recommended_descending,turn_bias,-26.66666666666667,13.333333333333332,40.0,0.0,0.0,-26.66666666666667,13.333333333333332
pulse_25ms,50.0,relay_voltage,LC19,1.4060772260030134,0.31794945398966235,-1.088127772013351,-60.0,80.0,-40.0,0.0
pulse_25ms,50.0,relay_voltage,LC31a,-8.945388282825746,3.6882045471590317,12.633592829984778,-60.0,80.0,-40.0,0.0
pulse_25ms,50.0,relay_voltage,LC31b,-12.117485046386719,9.215257263183595,21.332742309570314,-60.0,80.0,-40.0,0.0
pulse_25ms,50.0,relay_voltage,LCe04,-2.1637956301371233,2.3236724535624163,4.4874680836995395,-60.0,80.0,-40.0,0.0
pulse_25ms,50.0,relay_voltage,LCe06,-0.7571446736653655,0.6795604705810518,1.4367051442464174,-60.0,80.0,-40.0,0.0
pulse_25ms,50.0,relay_voltage,LT82a,0.18683815002441406,-10.950151443481445,-11.13698959350586,-60.0,80.0,-40.0,0.0
pulse_25ms,50.0,descending_rate,DNae002,80.0,-80.0,-160.0,-60.0,80.0,-40.0,0.0
pulse_25ms,50.0,descending_rate,DNb01,0.0,0.0,0.0,-60.0,80.0,-40.0,0.0
pulse_25ms,50.0,descending_rate,DNb09,40.0,0.0,-40.0,-60.0,80.0,-40.0,0.0
pulse_25ms,50.0,descending_rate,DNg97,80.0,40.0,-40.0,-60.0,80.0,-40.0,0.0
pulse_25ms,50.0,descending_rate,DNp06,0.0,0.0,0.0,-60.0,80.0,-40.0,0.0
pulse_25ms,50.0,descending_rate,DNp09,0.0,0.0,0.0,-60.0,80.0,-40.0,0.0
pulse_25ms,50.0,descending_rate,DNp103,40.0,80.0,40.0,-60.0,80.0,-40.0,0.0
pulse_25ms,50.0,descending_rate,DNp18,80.0,0.0,-80.0,-60.0,80.0,-40.0,0.0
pulse_25ms,50.0,descending_rate,DNp35,0.0,0.0,0.0,-60.0,80.0,-40.0,0.0
pulse_25ms,50.0,descending_rate,DNp43,-40.0,0.0,40.0,-60.0,80.0,-40.0,0.0
pulse_25ms,50.0,descending_rate,DNp69,0.0,0.0,0.0,-60.0,80.0,-40.0,0.0
pulse_25ms,50.0,descending_rate,DNp71,-40.0,-40.0,0.0,-60.0,80.0,-40.0,0.0
pulse_25ms,50.0,descending_rate,DNpe016,80.0,-40.0,-120.0,-60.0,80.0,-40.0,0.0
pulse_25ms,50.0,descending_rate,DNpe031,0.0,0.0,0.0,-60.0,80.0,-40.0,0.0
pulse_25ms,50.0,descending_rate,DNpe040,-40.0,0.0,40.0,-60.0,80.0,-40.0,0.0
pulse_25ms,50.0,descending_rate,DNpe056,-40.0,40.0,80.0,-60.0,80.0,-40.0,0.0
pulse_25ms,50.0,fixed_motor,turn_bias,-60.0,80.0,140.0,-60.0,80.0,-40.0,0.0
pulse_25ms,50.0,recommended_descending,turn_bias,-40.0,0.0,40.0,-60.0,80.0,-40.0,0.0
pulse_25ms,75.0,relay_voltage,LC19,3.36789401372274,0.18942689895629883,-3.178467114766441,20.0,20.0,0.0,0.0
pulse_25ms,75.0,relay_voltage,LC31a,-2.4669054193434405,0.4497591654459612,2.9166645847894017,20.0,20.0,0.0,0.0
pulse_25ms,75.0,relay_voltage,LC31b,-4.329873657226564,3.8201004028320327,8.149974060058597,20.0,20.0,0.0,0.0
pulse_25ms,75.0,relay_voltage,LCe04,-0.7611196041107178,0.621640841166176,1.3827604452768938,20.0,20.0,0.0,0.0
pulse_25ms,75.0,relay_voltage,LCe06,0.9975659688313812,-0.6118453979492173,-1.6094113667805985,20.0,20.0,0.0,0.0
pulse_25ms,75.0,relay_voltage,LT82a,0.5607376098632812,-6.425258636474609,-6.985996246337891,20.0,20.0,0.0,0.0
pulse_25ms,75.0,descending_rate,DNae002,0.0,0.0,0.0,20.0,20.0,0.0,0.0
pulse_25ms,75.0,descending_rate,DNb01,0.0,0.0,0.0,20.0,20.0,0.0,0.0
pulse_25ms,75.0,descending_rate,DNb09,0.0,0.0,0.0,20.0,20.0,0.0,0.0
pulse_25ms,75.0,descending_rate,DNg97,0.0,0.0,0.0,20.0,20.0,0.0,0.0
pulse_25ms,75.0,descending_rate,DNp06,0.0,0.0,0.0,20.0,20.0,0.0,0.0
pulse_25ms,75.0,descending_rate,DNp09,0.0,0.0,0.0,20.0,20.0,0.0,0.0
pulse_25ms,75.0,descending_rate,DNp103,0.0,0.0,0.0,20.0,20.0,0.0,0.0
pulse_25ms,75.0,descending_rate,DNp18,0.0,0.0,0.0,20.0,20.0,0.0,0.0
pulse_25ms,75.0,descending_rate,DNp35,0.0,0.0,0.0,20.0,20.0,0.0,0.0
pulse_25ms,75.0,descending_rate,DNp43,0.0,0.0,0.0,20.0,20.0,0.0,0.0
pulse_25ms,75.0,descending_rate,DNp69,0.0,0.0,0.0,20.0,20.0,0.0,0.0
pulse_25ms,75.0,descending_rate,DNp71,0.0,0.0,0.0,20.0,20.0,0.0,0.0
pulse_25ms,75.0,descending_rate,DNpe016,0.0,0.0,0.0,20.0,20.0,0.0,0.0
pulse_25ms,75.0,descending_rate,DNpe031,0.0,0.0,0.0,20.0,20.0,0.0,0.0
pulse_25ms,75.0,descending_rate,DNpe040,0.0,0.0,0.0,20.0,20.0,0.0,0.0
pulse_25ms,75.0,descending_rate,DNpe056,0.0,0.0,0.0,20.0,20.0,0.0,0.0
pulse_25ms,75.0,fixed_motor,turn_bias,20.0,20.0,0.0,20.0,20.0,0.0,0.0
pulse_25ms,75.0,recommended_descending,turn_bias,0.0,0.0,0.0,20.0,20.0,0.0,0.0
pulse_25ms,100.0,relay_voltage,LC19,0.2885297139485701,0.025142351786293204,-0.2633873621622769,0.0,0.0,0.0,0.0
pulse_25ms,100.0,relay_voltage,LC31a,-0.20131723241868116,0.03651574078728004,0.2378329732059612,0.0,0.0,0.0,0.0
pulse_25ms,100.0,relay_voltage,LC31b,-0.35677261352538636,0.3313949584960909,0.6881675720214773,0.0,0.0,0.0,0.0
pulse_25ms,100.0,relay_voltage,LCe04,-0.06247313817342359,0.05089720090230543,0.11337033907572902,0.0,0.0,0.0,0.0
pulse_25ms,100.0,relay_voltage,LCe06,0.0848562876383454,-0.06513646443685417,-0.14999275207519958,0.0,0.0,0.0,0.0
pulse_25ms,100.0,relay_voltage,LT82a,0.050159454345703125,-0.5169334411621094,-0.5670928955078125,0.0,0.0,0.0,0.0
pulse_25ms,100.0,descending_rate,DNae002,0.0,0.0,0.0,0.0,0.0,0.0,0.0
pulse_25ms,100.0,descending_rate,DNb01,0.0,0.0,0.0,0.0,0.0,0.0,0.0
pulse_25ms,100.0,descending_rate,DNb09,0.0,0.0,0.0,0.0,0.0,0.0,0.0
pulse_25ms,100.0,descending_rate,DNg97,0.0,0.0,0.0,0.0,0.0,0.0,0.0
pulse_25ms,100.0,descending_rate,DNp06,0.0,0.0,0.0,0.0,0.0,0.0,0.0
pulse_25ms,100.0,descending_rate,DNp09,0.0,0.0,0.0,0.0,0.0,0.0,0.0
pulse_25ms,100.0,descending_rate,DNp103,0.0,0.0,0.0,0.0,0.0,0.0,0.0
pulse_25ms,100.0,descending_rate,DNp18,0.0,0.0,0.0,0.0,0.0,0.0,0.0
pulse_25ms,100.0,descending_rate,DNp35,0.0,0.0,0.0,0.0,0.0,0.0,0.0
pulse_25ms,100.0,descending_rate,DNp43,0.0,0.0,0.0,0.0,0.0,0.0,0.0
pulse_25ms,100.0,descending_rate,DNp69,0.0,0.0,0.0,0.0,0.0,0.0,0.0
pulse_25ms,100.0,descending_rate,DNp71,0.0,0.0,0.0,0.0,0.0,0.0,0.0
pulse_25ms,100.0,descending_rate,DNpe016,0.0,0.0,0.0,0.0,0.0,0.0,0.0
pulse_25ms,100.0,descending_rate,DNpe031,0.0,0.0,0.0,0.0,0.0,0.0,0.0
pulse_25ms,100.0,descending_rate,DNpe040,0.0,0.0,0.0,0.0,0.0,0.0,0.0
pulse_25ms,100.0,descending_rate,DNpe056,0.0,0.0,0.0,0.0,0.0,0.0,0.0
pulse_25ms,100.0,fixed_motor,turn_bias,0.0,0.0,0.0,0.0,0.0,0.0,0.0
pulse_25ms,100.0,recommended_descending,turn_bias,0.0,0.0,0.0,0.0,0.0,0.0,0.0
pulse_25ms,125.0,relay_voltage,LC19,0.023538271586097892,0.0020532608032226562,-0.021485010782875236,0.0,0.0,0.0,0.0
pulse_25ms,125.0,relay_voltage,LC31a,-0.016423605625924154,0.002987032622293384,0.019410638248217538,0.0,0.0,0.0,0.0
pulse_25ms,125.0,relay_voltage,LC31b,-0.029077911376951704,0.027042388916015625,0.05612030029296733,0.0,0.0,0.0,0.0
pulse_25ms,125.0,relay_voltage,LCe04,-0.0050770441691057044,0.004163026809692383,0.009240070978798087,0.0,0.0,0.0,0.0
pulse_25ms,125.0,relay_voltage,LCe06,0.006936136881506627,-0.00530039469401089,-0.012236531575517517,0.0,0.0,0.0,0.0
pulse_25ms,125.0,relay_voltage,LT82a,0.004085540771484375,-0.042171478271484375,-0.04625701904296875,0.0,0.0,0.0,0.0
pulse_25ms,125.0,descending_rate,DNae002,0.0,0.0,0.0,0.0,0.0,0.0,0.0
pulse_25ms,125.0,descending_rate,DNb01,0.0,0.0,0.0,0.0,0.0,0.0,0.0
pulse_25ms,125.0,descending_rate,DNb09,0.0,0.0,0.0,0.0,0.0,0.0,0.0
pulse_25ms,125.0,descending_rate,DNg97,0.0,0.0,0.0,0.0,0.0,0.0,0.0
pulse_25ms,125.0,descending_rate,DNp06,0.0,0.0,0.0,0.0,0.0,0.0,0.0
pulse_25ms,125.0,descending_rate,DNp09,0.0,0.0,0.0,0.0,0.0,0.0,0.0
pulse_25ms,125.0,descending_rate,DNp103,0.0,0.0,0.0,0.0,0.0,0.0,0.0
pulse_25ms,125.0,descending_rate,DNp18,0.0,0.0,0.0,0.0,0.0,0.0,0.0
pulse_25ms,125.0,descending_rate,DNp35,0.0,0.0,0.0,0.0,0.0,0.0,0.0
pulse_25ms,125.0,descending_rate,DNp43,0.0,0.0,0.0,0.0,0.0,0.0,0.0
pulse_25ms,125.0,descending_rate,DNp69,0.0,0.0,0.0,0.0,0.0,0.0,0.0
pulse_25ms,125.0,descending_rate,DNp71,0.0,0.0,0.0,0.0,0.0,0.0,0.0
pulse_25ms,125.0,descending_rate,DNpe016,0.0,0.0,0.0,0.0,0.0,0.0,0.0
pulse_25ms,125.0,descending_rate,DNpe031,0.0,0.0,0.0,0.0,0.0,0.0,0.0
pulse_25ms,125.0,descending_rate,DNpe040,0.0,0.0,0.0,0.0,0.0,0.0,0.0
pulse_25ms,125.0,descending_rate,DNpe056,0.0,0.0,0.0,0.0,0.0,0.0,0.0
pulse_25ms,125.0,fixed_motor,turn_bias,0.0,0.0,0.0,0.0,0.0,0.0,0.0
pulse_25ms,125.0,recommended_descending,turn_bias,0.0,0.0,0.0,0.0,0.0,0.0,0.0
pulse_25ms,150.0,relay_voltage,LC19,0.00188620885213453,0.00019343694051343618,-0.0016927719116210938,0.0,0.0,0.0,0.0
pulse_25ms,150.0,relay_voltage,LC31a,-0.0012906018425411503,0.0002392039579532934,0.0015298058004944437,0.0,0.0,0.0,0.0
pulse_25ms,150.0,relay_voltage,LC31b,-0.002390289306639204,0.002244567871095171,0.004634857177734375,0.0,0.0,0.0,0.0
pulse_25ms,150.0,relay_voltage,LCe04,-0.000469287236533944,0.0003268718719482422,0.0007961591084821862,0.0,0.0,0.0,0.0
pulse_25ms,150.0,relay_voltage,LCe06,0.0005325317382798289,-0.0004266103108747643,-0.0009591420491545932,0.0,0.0,0.0,0.0
pulse_25ms,150.0,relay_voltage,LT82a,0.0005092620849609375,-0.00360107421875,-0.0041103363037109375,0.0,0.0,0.0,0.0
pulse_25ms,150.0,descending_rate,DNae002,0.0,0.0,0.0,0.0,0.0,0.0,0.0
pulse_25ms,150.0,descending_rate,DNb01,0.0,0.0,0.0,0.0,0.0,0.0,0.0
pulse_25ms,150.0,descending_rate,DNb09,0.0,0.0,0.0,0.0,0.0,0.0,0.0
pulse_25ms,150.0,descending_rate,DNg97,0.0,0.0,0.0,0.0,0.0,0.0,0.0
pulse_25ms,150.0,descending_rate,DNp06,0.0,0.0,0.0,0.0,0.0,0.0,0.0
pulse_25ms,150.0,descending_rate,DNp09,0.0,0.0,0.0,0.0,0.0,0.0,0.0
pulse_25ms,150.0,descending_rate,DNp103,0.0,0.0,0.0,0.0,0.0,0.0,0.0
pulse_25ms,150.0,descending_rate,DNp18,0.0,0.0,0.0,0.0,0.0,0.0,0.0
pulse_25ms,150.0,descending_rate,DNp35,0.0,0.0,0.0,0.0,0.0,0.0,0.0
pulse_25ms,150.0,descending_rate,DNp43,0.0,0.0,0.0,0.0,0.0,0.0,0.0
pulse_25ms,150.0,descending_rate,DNp69,0.0,0.0,0.0,0.0,0.0,0.0,0.0
pulse_25ms,150.0,descending_rate,DNp71,0.0,0.0,0.0,0.0,0.0,0.0,0.0
pulse_25ms,150.0,descending_rate,DNpe016,0.0,0.0,0.0,0.0,0.0,0.0,0.0
pulse_25ms,150.0,descending_rate,DNpe031,0.0,0.0,0.0,0.0,0.0,0.0,0.0
pulse_25ms,150.0,descending_rate,DNpe040,0.0,0.0,0.0,0.0,0.0,0.0,0.0
pulse_25ms,150.0,descending_rate,DNpe056,0.0,0.0,0.0,0.0,0.0,0.0,0.0
pulse_25ms,150.0,fixed_motor,turn_bias,0.0,0.0,0.0,0.0,0.0,0.0,0.0
pulse_25ms,150.0,recommended_descending,turn_bias,0.0,0.0,0.0,0.0,0.0,0.0,0.0
pulse_25ms,175.0,relay_voltage,LC19,0.00022331873575609507,-8.0108642578125e-05,-0.00030342737833422007,0.0,0.0,0.0,0.0
pulse_25ms,175.0,relay_voltage,LC31a,-3.355936286908445e-05,0.00013595780516340028,0.00016951716803248473,0.0,0.0,0.0,0.0
pulse_25ms,175.0,relay_voltage,LC31b,-0.00034866333007244066,0.00046463012694886174,0.0008132934570213024,0.0,0.0,0.0,0.0
pulse_25ms,175.0,relay_voltage,LCe04,-9.663899739820181e-05,0.0002536773681640625,0.0003503163655622643,0.0,0.0,0.0,0.0
pulse_25ms,175.0,relay_voltage,LCe06,0.00011596679687642109,-3.865559896354398e-05,-0.00015462239583996507,0.0,0.0,0.0,0.0
pulse_25ms,175.0,relay_voltage,LT82a,0.0002899169921875,-0.0004100799560546875,-0.0006999969482421875,0.0,0.0,0.0,0.0
pulse_25ms,175.0,descending_rate,DNae002,0.0,0.0,0.0,0.0,0.0,0.0,0.0
pulse_25ms,175.0,descending_rate,DNb01,0.0,0.0,0.0,0.0,0.0,0.0,0.0
pulse_25ms,175.0,descending_rate,DNb09,0.0,0.0,0.0,0.0,0.0,0.0,0.0
pulse_25ms,175.0,descending_rate,DNg97,0.0,0.0,0.0,0.0,0.0,0.0,0.0
pulse_25ms,175.0,descending_rate,DNp06,0.0,0.0,0.0,0.0,0.0,0.0,0.0
pulse_25ms,175.0,descending_rate,DNp09,0.0,0.0,0.0,0.0,0.0,0.0,0.0
pulse_25ms,175.0,descending_rate,DNp103,0.0,0.0,0.0,0.0,0.0,0.0,0.0
pulse_25ms,175.0,descending_rate,DNp18,0.0,0.0,0.0,0.0,0.0,0.0,0.0
pulse_25ms,175.0,descending_rate,DNp35,0.0,0.0,0.0,0.0,0.0,0.0,0.0
pulse_25ms,175.0,descending_rate,DNp43,0.0,0.0,0.0,0.0,0.0,0.0,0.0
pulse_25ms,175.0,descending_rate,DNp69,0.0,0.0,0.0,0.0,0.0,0.0,0.0
pulse_25ms,175.0,descending_rate,DNp71,0.0,0.0,0.0,0.0,0.0,0.0,0.0
pulse_25ms,175.0,descending_rate,DNpe016,0.0,0.0,0.0,0.0,0.0,0.0,0.0
pulse_25ms,175.0,descending_rate,DNpe031,0.0,0.0,0.0,0.0,0.0,0.0,0.0
pulse_25ms,175.0,descending_rate,DNpe040,0.0,0.0,0.0,0.0,0.0,0.0,0.0
pulse_25ms,175.0,descending_rate,DNpe056,0.0,0.0,0.0,0.0,0.0,0.0,0.0
pulse_25ms,175.0,fixed_motor,turn_bias,0.0,0.0,0.0,0.0,0.0,0.0,0.0
pulse_25ms,175.0,recommended_descending,turn_bias,0.0,0.0,0.0,0.0,0.0,0.0,0.0
pulse_25ms,200.0,relay_voltage,LC19,0.0001932779947892982,-7.2479248046875e-05,-0.0002657572428361732,0.0,0.0,0.0,0.0
pulse_25ms,200.0,relay_voltage,LC31a,-3.221299913036546e-05,0.0001364315257319504,0.00016864452486231585,0.0,0.0,0.0,0.0
pulse_25ms,200.0,relay_voltage,LC31b,-0.00034790039062215783,0.0004638671874985789,0.0008117675781207367,0.0,0.0,0.0,0.0
pulse_25ms,200.0,relay_voltage,LCe04,-9.663899739820181e-05,0.0002536773681640625,0.0003503163655622643,0.0,0.0,0.0,0.0
pulse_25ms,200.0,relay_voltage,LCe06,0.00011596679687642109,-3.865559896354398e-05,-0.00015462239583996507,0.0,0.0,0.0,0.0
pulse_25ms,200.0,relay_voltage,LT82a,0.0002899169921875,-0.0002899169921875,-0.000579833984375,0.0,0.0,0.0,0.0
pulse_25ms,200.0,descending_rate,DNae002,0.0,0.0,0.0,0.0,0.0,0.0,0.0
pulse_25ms,200.0,descending_rate,DNb01,0.0,0.0,0.0,0.0,0.0,0.0,0.0
pulse_25ms,200.0,descending_rate,DNb09,0.0,0.0,0.0,0.0,0.0,0.0,0.0
pulse_25ms,200.0,descending_rate,DNg97,0.0,0.0,0.0,0.0,0.0,0.0,0.0
pulse_25ms,200.0,descending_rate,DNp06,0.0,0.0,0.0,0.0,0.0,0.0,0.0
pulse_25ms,200.0,descending_rate,DNp09,0.0,0.0,0.0,0.0,0.0,0.0,0.0
pulse_25ms,200.0,descending_rate,DNp103,0.0,0.0,0.0,0.0,0.0,0.0,0.0
pulse_25ms,200.0,descending_rate,DNp18,0.0,0.0,0.0,0.0,0.0,0.0,0.0
pulse_25ms,200.0,descending_rate,DNp35,0.0,0.0,0.0,0.0,0.0,0.0,0.0
pulse_25ms,200.0,descending_rate,DNp43,0.0,0.0,0.0,0.0,0.0,0.0,0.0
pulse_25ms,200.0,descending_rate,DNp69,0.0,0.0,0.0,0.0,0.0,0.0,0.0
pulse_25ms,200.0,descending_rate,DNp71,0.0,0.0,0.0,0.0,0.0,0.0,0.0
pulse_25ms,200.0,descending_rate,DNpe016,0.0,0.0,0.0,0.0,0.0,0.0,0.0
pulse_25ms,200.0,descending_rate,DNpe031,0.0,0.0,0.0,0.0,0.0,0.0,0.0
pulse_25ms,200.0,descending_rate,DNpe040,0.0,0.0,0.0,0.0,0.0,0.0,0.0
pulse_25ms,200.0,descending_rate,DNpe056,0.0,0.0,0.0,0.0,0.0,0.0,0.0
pulse_25ms,200.0,fixed_motor,turn_bias,0.0,0.0,0.0,0.0,0.0,0.0,0.0
pulse_25ms,200.0,recommended_descending,turn_bias,0.0,0.0,0.0,0.0,0.0,0.0,0.0
pulse_25ms,225.0,relay_voltage,LC19,0.0001932779947892982,-7.2479248046875e-05,-0.0002657572428361732,0.0,0.0,0.0,0.0
pulse_25ms,225.0,relay_voltage,LC31a,-3.221299913036546e-05,0.0001364315257319504,0.00016864452486231585,0.0,0.0,0.0,0.0
pulse_25ms,225.0,relay_voltage,LC31b,-0.00034790039062215783,0.0004638671874985789,0.0008117675781207367,0.0,0.0,0.0,0.0
pulse_25ms,225.0,relay_voltage,LCe04,-9.663899739820181e-05,0.0002536773681640625,0.0003503163655622643,0.0,0.0,0.0,0.0
pulse_25ms,225.0,relay_voltage,LCe06,0.00011596679687642109,-3.865559896354398e-05,-0.00015462239583996507,0.0,0.0,0.0,0.0
pulse_25ms,225.0,relay_voltage,LT82a,0.0002899169921875,-0.0002899169921875,-0.000579833984375,0.0,0.0,0.0,0.0
pulse_25ms,225.0,descending_rate,DNae002,0.0,0.0,0.0,0.0,0.0,0.0,0.0
pulse_25ms,225.0,descending_rate,DNb01,0.0,0.0,0.0,0.0,0.0,0.0,0.0
pulse_25ms,225.0,descending_rate,DNb09,0.0,0.0,0.0,0.0,0.0,0.0,0.0
pulse_25ms,225.0,descending_rate,DNg97,0.0,0.0,0.0,0.0,0.0,0.0,0.0
pulse_25ms,225.0,descending_rate,DNp06,0.0,0.0,0.0,0.0,0.0,0.0,0.0
pulse_25ms,225.0,descending_rate,DNp09,0.0,0.0,0.0,0.0,0.0,0.0,0.0
pulse_25ms,225.0,descending_rate,DNp103,0.0,0.0,0.0,0.0,0.0,0.0,0.0
pulse_25ms,225.0,descending_rate,DNp18,0.0,0.0,0.0,0.0,0.0,0.0,0.0
pulse_25ms,225.0,descending_rate,DNp35,0.0,0.0,0.0,0.0,0.0,0.0,0.0
pulse_25ms,225.0,descending_rate,DNp43,0.0,0.0,0.0,0.0,0.0,0.0,0.0
pulse_25ms,225.0,descending_rate,DNp69,0.0,0.0,0.0,0.0,0.0,0.0,0.0
pulse_25ms,225.0,descending_rate,DNp71,0.0,0.0,0.0,0.0,0.0,0.0,0.0
pulse_25ms,225.0,descending_rate,DNpe016,0.0,0.0,0.0,0.0,0.0,0.0,0.0
pulse_25ms,225.0,descending_rate,DNpe031,0.0,0.0,0.0,0.0,0.0,0.0,0.0
pulse_25ms,225.0,descending_rate,DNpe040,0.0,0.0,0.0,0.0,0.0,0.0,0.0
pulse_25ms,225.0,descending_rate,DNpe056,0.0,0.0,0.0,0.0,0.0,0.0,0.0
pulse_25ms,225.0,fixed_motor,turn_bias,0.0,0.0,0.0,0.0,0.0,0.0,0.0
pulse_25ms,225.0,recommended_descending,turn_bias,0.0,0.0,0.0,0.0,0.0,0.0,0.0
pulse_25ms,250.0,relay_voltage,LC19,0.0001932779947892982,-7.2479248046875e-05,-0.0002657572428361732,0.0,0.0,0.0,0.0
pulse_25ms,250.0,relay_voltage,LC31a,-3.221299913036546e-05,0.0001364315257319504,0.00016864452486231585,0.0,0.0,0.0,0.0
pulse_25ms,250.0,relay_voltage,LC31b,-0.00034790039062215783,0.0004638671874985789,0.0008117675781207367,0.0,0.0,0.0,0.0
pulse_25ms,250.0,relay_voltage,LCe04,-9.663899739820181e-05,0.0002536773681640625,0.0003503163655622643,0.0,0.0,0.0,0.0
pulse_25ms,250.0,relay_voltage,LCe06,0.00011596679687642109,-3.865559896354398e-05,-0.00015462239583996507,0.0,0.0,0.0,0.0
pulse_25ms,250.0,relay_voltage,LT82a,0.0002899169921875,-0.0002899169921875,-0.000579833984375,0.0,0.0,0.0,0.0
pulse_25ms,250.0,descending_rate,DNae002,0.0,0.0,0.0,0.0,0.0,0.0,0.0
pulse_25ms,250.0,descending_rate,DNb01,0.0,0.0,0.0,0.0,0.0,0.0,0.0
pulse_25ms,250.0,descending_rate,DNb09,0.0,0.0,0.0,0.0,0.0,0.0,0.0
pulse_25ms,250.0,descending_rate,DNg97,0.0,0.0,0.0,0.0,0.0,0.0,0.0
pulse_25ms,250.0,descending_rate,DNp06,0.0,0.0,0.0,0.0,0.0,0.0,0.0
pulse_25ms,250.0,descending_rate,DNp09,0.0,0.0,0.0,0.0,0.0,0.0,0.0
pulse_25ms,250.0,descending_rate,DNp103,0.0,0.0,0.0,0.0,0.0,0.0,0.0
pulse_25ms,250.0,descending_rate,DNp18,0.0,0.0,0.0,0.0,0.0,0.0,0.0
pulse_25ms,250.0,descending_rate,DNp35,0.0,0.0,0.0,0.0,0.0,0.0,0.0
pulse_25ms,250.0,descending_rate,DNp43,0.0,0.0,0.0,0.0,0.0,0.0,0.0
pulse_25ms,250.0,descending_rate,DNp69,0.0,0.0,0.0,0.0,0.0,0.0,0.0
pulse_25ms,250.0,descending_rate,DNp71,0.0,0.0,0.0,0.0,0.0,0.0,0.0
pulse_25ms,250.0,descending_rate,DNpe016,0.0,0.0,0.0,0.0,0.0,0.0,0.0
pulse_25ms,250.0,descending_rate,DNpe031,0.0,0.0,0.0,0.0,0.0,0.0,0.0
pulse_25ms,250.0,descending_rate,DNpe040,0.0,0.0,0.0,0.0,0.0,0.0,0.0
pulse_25ms,250.0,descending_rate,DNpe056,0.0,0.0,0.0,0.0,0.0,0.0,0.0
pulse_25ms,250.0,fixed_motor,turn_bias,0.0,0.0,0.0,0.0,0.0,0.0,0.0
pulse_25ms,250.0,recommended_descending,turn_bias,0.0,0.0,0.0,0.0,0.0,0.0,0.0
pulse_25ms,275.0,relay_voltage,LC19,0.0001932779947892982,-7.2479248046875e-05,-0.0002657572428361732,0.0,0.0,0.0,0.0
pulse_25ms,275.0,relay_voltage,LC31a,-3.221299913036546e-05,0.0001364315257319504,0.00016864452486231585,0.0,0.0,0.0,0.0
pulse_25ms,275.0,relay_voltage,LC31b,-0.00034790039062215783,0.0004638671874985789,0.0008117675781207367,0.0,0.0,0.0,0.0
pulse_25ms,275.0,relay_voltage,LCe04,-9.663899739820181e-05,0.0002536773681640625,0.0003503163655622643,0.0,0.0,0.0,0.0
pulse_25ms,275.0,relay_voltage,LCe06,0.00011596679687642109,-3.865559896354398e-05,-0.00015462239583996507,0.0,0.0,0.0,0.0
pulse_25ms,275.0,relay_voltage,LT82a,0.0002899169921875,-0.0002899169921875,-0.000579833984375,0.0,0.0,0.0,0.0
pulse_25ms,275.0,descending_rate,DNae002,0.0,0.0,0.0,0.0,0.0,0.0,0.0
pulse_25ms,275.0,descending_rate,DNb01,0.0,0.0,0.0,0.0,0.0,0.0,0.0
pulse_25ms,275.0,descending_rate,DNb09,0.0,0.0,0.0,0.0,0.0,0.0,0.0
pulse_25ms,275.0,descending_rate,DNg97,0.0,0.0,0.0,0.0,0.0,0.0,0.0
pulse_25ms,275.0,descending_rate,DNp06,0.0,0.0,0.0,0.0,0.0,0.0,0.0
pulse_25ms,275.0,descending_rate,DNp09,0.0,0.0,0.0,0.0,0.0,0.0,0.0
pulse_25ms,275.0,descending_rate,DNp103,0.0,0.0,0.0,0.0,0.0,0.0,0.0
pulse_25ms,275.0,descending_rate,DNp18,0.0,0.0,0.0,0.0,0.0,0.0,0.0
pulse_25ms,275.0,descending_rate,DNp35,0.0,0.0,0.0,0.0,0.0,0.0,0.0
pulse_25ms,275.0,descending_rate,DNp43,0.0,0.0,0.0,0.0,0.0,0.0,0.0
pulse_25ms,275.0,descending_rate,DNp69,0.0,0.0,0.0,0.0,0.0,0.0,0.0
pulse_25ms,275.0,descending_rate,DNp71,0.0,0.0,0.0,0.0,0.0,0.0,0.0
pulse_25ms,275.0,descending_rate,DNpe016,0.0,0.0,0.0,0.0,0.0,0.0,0.0
pulse_25ms,275.0,descending_rate,DNpe031,0.0,0.0,0.0,0.0,0.0,0.0,0.0
pulse_25ms,275.0,descending_rate,DNpe040,0.0,0.0,0.0,0.0,0.0,0.0,0.0
pulse_25ms,275.0,descending_rate,DNpe056,0.0,0.0,0.0,0.0,0.0,0.0,0.0
pulse_25ms,275.0,fixed_motor,turn_bias,0.0,0.0,0.0,0.0,0.0,0.0,0.0
pulse_25ms,275.0,recommended_descending,turn_bias,0.0,0.0,0.0,0.0,0.0,0.0,0.0
pulse_25ms,300.0,relay_voltage,LC19,0.0001932779947892982,-7.2479248046875e-05,-0.0002657572428361732,0.0,0.0,0.0,0.0
pulse_25ms,300.0,relay_voltage,LC31a,-3.221299913036546e-05,0.0001364315257319504,0.00016864452486231585,0.0,0.0,0.0,0.0
pulse_25ms,300.0,relay_voltage,LC31b,-0.00034790039062215783,0.0004638671874985789,0.0008117675781207367,0.0,0.0,0.0,0.0
pulse_25ms,300.0,relay_voltage,LCe04,-9.663899739820181e-05,0.0002536773681640625,0.0003503163655622643,0.0,0.0,0.0,0.0
pulse_25ms,300.0,relay_voltage,LCe06,0.00011596679687642109,-3.865559896354398e-05,-0.00015462239583996507,0.0,0.0,0.0,0.0
pulse_25ms,300.0,relay_voltage,LT82a,0.0002899169921875,-0.0002899169921875,-0.000579833984375,0.0,0.0,0.0,0.0
pulse_25ms,300.0,descending_rate,DNae002,0.0,0.0,0.0,0.0,0.0,0.0,0.0
pulse_25ms,300.0,descending_rate,DNb01,0.0,0.0,0.0,0.0,0.0,0.0,0.0
pulse_25ms,300.0,descending_rate,DNb09,0.0,0.0,0.0,0.0,0.0,0.0,0.0
pulse_25ms,300.0,descending_rate,DNg97,0.0,0.0,0.0,0.0,0.0,0.0,0.0
pulse_25ms,300.0,descending_rate,DNp06,0.0,0.0,0.0,0.0,0.0,0.0,0.0
pulse_25ms,300.0,descending_rate,DNp09,0.0,0.0,0.0,0.0,0.0,0.0,0.0
pulse_25ms,300.0,descending_rate,DNp103,0.0,0.0,0.0,0.0,0.0,0.0,0.0
pulse_25ms,300.0,descending_rate,DNp18,0.0,0.0,0.0,0.0,0.0,0.0,0.0
pulse_25ms,300.0,descending_rate,DNp35,0.0,0.0,0.0,0.0,0.0,0.0,0.0
pulse_25ms,300.0,descending_rate,DNp43,0.0,0.0,0.0,0.0,0.0,0.0,0.0
pulse_25ms,300.0,descending_rate,DNp69,0.0,0.0,0.0,0.0,0.0,0.0,0.0
pulse_25ms,300.0,descending_rate,DNp71,0.0,0.0,0.0,0.0,0.0,0.0,0.0
pulse_25ms,300.0,descending_rate,DNpe016,0.0,0.0,0.0,0.0,0.0,0.0,0.0
pulse_25ms,300.0,descending_rate,DNpe031,0.0,0.0,0.0,0.0,0.0,0.0,0.0
pulse_25ms,300.0,descending_rate,DNpe040,0.0,0.0,0.0,0.0,0.0,0.0,0.0
pulse_25ms,300.0,descending_rate,DNpe056,0.0,0.0,0.0,0.0,0.0,0.0,0.0
pulse_25ms,300.0,fixed_motor,turn_bias,0.0,0.0,0.0,0.0,0.0,0.0,0.0
pulse_25ms,300.0,recommended_descending,turn_bias,0.0,0.0,0.0,0.0,0.0,0.0,0.0
pulse_25ms,325.0,relay_voltage,LC19,0.0001932779947892982,-7.2479248046875e-05,-0.0002657572428361732,0.0,0.0,0.0,0.0
pulse_25ms,325.0,relay_voltage,LC31a,-3.221299913036546e-05,0.0001364315257319504,0.00016864452486231585,0.0,0.0,0.0,0.0
pulse_25ms,325.0,relay_voltage,LC31b,-0.00034790039062215783,0.0004638671874985789,0.0008117675781207367,0.0,0.0,0.0,0.0
pulse_25ms,325.0,relay_voltage,LCe04,-9.663899739820181e-05,0.0002536773681640625,0.0003503163655622643,0.0,0.0,0.0,0.0
pulse_25ms,325.0,relay_voltage,LCe06,0.00011596679687642109,-3.865559896354398e-05,-0.00015462239583996507,0.0,0.0,0.0,0.0
pulse_25ms,325.0,relay_voltage,LT82a,0.0002899169921875,-0.0002899169921875,-0.000579833984375,0.0,0.0,0.0,0.0
pulse_25ms,325.0,descending_rate,DNae002,0.0,0.0,0.0,0.0,0.0,0.0,0.0
pulse_25ms,325.0,descending_rate,DNb01,0.0,0.0,0.0,0.0,0.0,0.0,0.0
pulse_25ms,325.0,descending_rate,DNb09,0.0,0.0,0.0,0.0,0.0,0.0,0.0
pulse_25ms,325.0,descending_rate,DNg97,0.0,0.0,0.0,0.0,0.0,0.0,0.0
pulse_25ms,325.0,descending_rate,DNp06,0.0,0.0,0.0,0.0,0.0,0.0,0.0
pulse_25ms,325.0,descending_rate,DNp09,0.0,0.0,0.0,0.0,0.0,0.0,0.0
pulse_25ms,325.0,descending_rate,DNp103,0.0,0.0,0.0,0.0,0.0,0.0,0.0
pulse_25ms,325.0,descending_rate,DNp18,0.0,0.0,0.0,0.0,0.0,0.0,0.0
pulse_25ms,325.0,descending_rate,DNp35,0.0,0.0,0.0,0.0,0.0,0.0,0.0
pulse_25ms,325.0,descending_rate,DNp43,0.0,0.0,0.0,0.0,0.0,0.0,0.0
pulse_25ms,325.0,descending_rate,DNp69,0.0,0.0,0.0,0.0,0.0,0.0,0.0
pulse_25ms,325.0,descending_rate,DNp71,0.0,0.0,0.0,0.0,0.0,0.0,0.0
pulse_25ms,325.0,descending_rate,DNpe016,0.0,0.0,0.0,0.0,0.0,0.0,0.0
pulse_25ms,325.0,descending_rate,DNpe031,0.0,0.0,0.0,0.0,0.0,0.0,0.0
pulse_25ms,325.0,descending_rate,DNpe040,0.0,0.0,0.0,0.0,0.0,0.0,0.0
pulse_25ms,325.0,descending_rate,DNpe056,0.0,0.0,0.0,0.0,0.0,0.0,0.0
pulse_25ms,325.0,fixed_motor,turn_bias,0.0,0.0,0.0,0.0,0.0,0.0,0.0
pulse_25ms,325.0,recommended_descending,turn_bias,0.0,0.0,0.0,0.0,0.0,0.0,0.0
pulse_25ms,350.0,relay_voltage,LC19,0.0001932779947892982,-7.2479248046875e-05,-0.0002657572428361732,0.0,0.0,0.0,0.0
pulse_25ms,350.0,relay_voltage,LC31a,-3.221299913036546e-05,0.0001364315257319504,0.00016864452486231585,0.0,0.0,0.0,0.0
pulse_25ms,350.0,relay_voltage,LC31b,-0.00034790039062215783,0.0004638671874985789,0.0008117675781207367,0.0,0.0,0.0,0.0
pulse_25ms,350.0,relay_voltage,LCe04,-9.663899739820181e-05,0.0002536773681640625,0.0003503163655622643,0.0,0.0,0.0,0.0
pulse_25ms,350.0,relay_voltage,LCe06,0.00011596679687642109,-3.865559896354398e-05,-0.00015462239583996507,0.0,0.0,0.0,0.0
pulse_25ms,350.0,relay_voltage,LT82a,0.0002899169921875,-0.0002899169921875,-0.000579833984375,0.0,0.0,0.0,0.0
pulse_25ms,350.0,descending_rate,DNae002,0.0,0.0,0.0,0.0,0.0,0.0,0.0
pulse_25ms,350.0,descending_rate,DNb01,0.0,0.0,0.0,0.0,0.0,0.0,0.0
pulse_25ms,350.0,descending_rate,DNb09,0.0,0.0,0.0,0.0,0.0,0.0,0.0
pulse_25ms,350.0,descending_rate,DNg97,0.0,0.0,0.0,0.0,0.0,0.0,0.0
pulse_25ms,350.0,descending_rate,DNp06,0.0,0.0,0.0,0.0,0.0,0.0,0.0
pulse_25ms,350.0,descending_rate,DNp09,0.0,0.0,0.0,0.0,0.0,0.0,0.0
pulse_25ms,350.0,descending_rate,DNp103,0.0,0.0,0.0,0.0,0.0,0.0,0.0
pulse_25ms,350.0,descending_rate,DNp18,0.0,0.0,0.0,0.0,0.0,0.0,0.0
pulse_25ms,350.0,descending_rate,DNp35,0.0,0.0,0.0,0.0,0.0,0.0,0.0
pulse_25ms,350.0,descending_rate,DNp43,0.0,0.0,0.0,0.0,0.0,0.0,0.0
pulse_25ms,350.0,descending_rate,DNp69,0.0,0.0,0.0,0.0,0.0,0.0,0.0
pulse_25ms,350.0,descending_rate,DNp71,0.0,0.0,0.0,0.0,0.0,0.0,0.0
pulse_25ms,350.0,descending_rate,DNpe016,0.0,0.0,0.0,0.0,0.0,0.0,0.0
pulse_25ms,350.0,descending_rate,DNpe031,0.0,0.0,0.0,0.0,0.0,0.0,0.0
pulse_25ms,350.0,descending_rate,DNpe040,0.0,0.0,0.0,0.0,0.0,0.0,0.0
pulse_25ms,350.0,descending_rate,DNpe056,0.0,0.0,0.0,0.0,0.0,0.0,0.0
pulse_25ms,350.0,fixed_motor,turn_bias,0.0,0.0,0.0,0.0,0.0,0.0,0.0
pulse_25ms,350.0,recommended_descending,turn_bias,0.0,0.0,0.0,0.0,0.0,0.0,0.0
pulse_25ms,375.0,relay_voltage,LC19,0.0001932779947892982,-7.2479248046875e-05,-0.0002657572428361732,0.0,0.0,0.0,0.0
pulse_25ms,375.0,relay_voltage,LC31a,-3.221299913036546e-05,0.0001364315257319504,0.00016864452486231585,0.0,0.0,0.0,0.0
pulse_25ms,375.0,relay_voltage,LC31b,-0.00034790039062215783,0.0004638671874985789,0.0008117675781207367,0.0,0.0,0.0,0.0
pulse_25ms,375.0,relay_voltage,LCe04,-9.663899739820181e-05,0.0002536773681640625,0.0003503163655622643,0.0,0.0,0.0,0.0
pulse_25ms,375.0,relay_voltage,LCe06,0.00011596679687642109,-3.865559896354398e-05,-0.00015462239583996507,0.0,0.0,0.0,0.0
pulse_25ms,375.0,relay_voltage,LT82a,0.0002899169921875,-0.0002899169921875,-0.000579833984375,0.0,0.0,0.0,0.0
pulse_25ms,375.0,descending_rate,DNae002,0.0,0.0,0.0,0.0,0.0,0.0,0.0
pulse_25ms,375.0,descending_rate,DNb01,0.0,0.0,0.0,0.0,0.0,0.0,0.0
pulse_25ms,375.0,descending_rate,DNb09,0.0,0.0,0.0,0.0,0.0,0.0,0.0
pulse_25ms,375.0,descending_rate,DNg97,0.0,0.0,0.0,0.0,0.0,0.0,0.0
pulse_25ms,375.0,descending_rate,DNp06,0.0,0.0,0.0,0.0,0.0,0.0,0.0
pulse_25ms,375.0,descending_rate,DNp09,0.0,0.0,0.0,0.0,0.0,0.0,0.0
pulse_25ms,375.0,descending_rate,DNp103,0.0,0.0,0.0,0.0,0.0,0.0,0.0
pulse_25ms,375.0,descending_rate,DNp18,0.0,0.0,0.0,0.0,0.0,0.0,0.0
pulse_25ms,375.0,descending_rate,DNp35,0.0,0.0,0.0,0.0,0.0,0.0,0.0
pulse_25ms,375.0,descending_rate,DNp43,0.0,0.0,0.0,0.0,0.0,0.0,0.0
pulse_25ms,375.0,descending_rate,DNp69,0.0,0.0,0.0,0.0,0.0,0.0,0.0
pulse_25ms,375.0,descending_rate,DNp71,0.0,0.0,0.0,0.0,0.0,0.0,0.0
pulse_25ms,375.0,descending_rate,DNpe016,0.0,0.0,0.0,0.0,0.0,0.0,0.0
pulse_25ms,375.0,descending_rate,DNpe031,0.0,0.0,0.0,0.0,0.0,0.0,0.0
pulse_25ms,375.0,descending_rate,DNpe040,0.0,0.0,0.0,0.0,0.0,0.0,0.0
pulse_25ms,375.0,descending_rate,DNpe056,0.0,0.0,0.0,0.0,0.0,0.0,0.0
pulse_25ms,375.0,fixed_motor,turn_bias,0.0,0.0,0.0,0.0,0.0,0.0,0.0
pulse_25ms,375.0,recommended_descending,turn_bias,0.0,0.0,0.0,0.0,0.0,0.0,0.0
pulse_25ms,400.0,relay_voltage,LC19,0.0001932779947892982,-7.2479248046875e-05,-0.0002657572428361732,0.0,0.0,0.0,0.0
pulse_25ms,400.0,relay_voltage,LC31a,-3.221299913036546e-05,0.0001364315257319504,0.00016864452486231585,0.0,0.0,0.0,0.0
pulse_25ms,400.0,relay_voltage,LC31b,-0.00034790039062215783,0.0004638671874985789,0.0008117675781207367,0.0,0.0,0.0,0.0
pulse_25ms,400.0,relay_voltage,LCe04,-9.663899739820181e-05,0.0002536773681640625,0.0003503163655622643,0.0,0.0,0.0,0.0
pulse_25ms,400.0,relay_voltage,LCe06,0.00011596679687642109,-3.865559896354398e-05,-0.00015462239583996507,0.0,0.0,0.0,0.0
pulse_25ms,400.0,relay_voltage,LT82a,0.0002899169921875,-0.0002899169921875,-0.000579833984375,0.0,0.0,0.0,0.0
pulse_25ms,400.0,descending_rate,DNae002,0.0,0.0,0.0,0.0,0.0,0.0,0.0
pulse_25ms,400.0,descending_rate,DNb01,0.0,0.0,0.0,0.0,0.0,0.0,0.0
pulse_25ms,400.0,descending_rate,DNb09,0.0,0.0,0.0,0.0,0.0,0.0,0.0
pulse_25ms,400.0,descending_rate,DNg97,0.0,0.0,0.0,0.0,0.0,0.0,0.0
pulse_25ms,400.0,descending_rate,DNp06,0.0,0.0,0.0,0.0,0.0,0.0,0.0
pulse_25ms,400.0,descending_rate,DNp09,0.0,0.0,0.0,0.0,0.0,0.0,0.0
pulse_25ms,400.0,descending_rate,DNp103,0.0,0.0,0.0,0.0,0.0,0.0,0.0
pulse_25ms,400.0,descending_rate,DNp18,0.0,0.0,0.0,0.0,0.0,0.0,0.0
pulse_25ms,400.0,descending_rate,DNp35,0.0,0.0,0.0,0.0,0.0,0.0,0.0
pulse_25ms,400.0,descending_rate,DNp43,0.0,0.0,0.0,0.0,0.0,0.0,0.0
pulse_25ms,400.0,descending_rate,DNp69,0.0,0.0,0.0,0.0,0.0,0.0,0.0
pulse_25ms,400.0,descending_rate,DNp71,0.0,0.0,0.0,0.0,0.0,0.0,0.0
pulse_25ms,400.0,descending_rate,DNpe016,0.0,0.0,0.0,0.0,0.0,0.0,0.0
pulse_25ms,400.0,descending_rate,DNpe031,0.0,0.0,0.0,0.0,0.0,0.0,0.0
pulse_25ms,400.0,descending_rate,DNpe040,0.0,0.0,0.0,0.0,0.0,0.0,0.0
pulse_25ms,400.0,descending_rate,DNpe056,0.0,0.0,0.0,0.0,0.0,0.0,0.0
pulse_25ms,400.0,fixed_motor,turn_bias,0.0,0.0,0.0,0.0,0.0,0.0,0.0
pulse_25ms,400.0,recommended_descending,turn_bias,0.0,0.0,0.0,0.0,0.0,0.0,0.0
pulse_25ms,425.0,relay_voltage,LC19,0.0001932779947892982,-7.2479248046875e-05,-0.0002657572428361732,0.0,0.0,0.0,0.0
pulse_25ms,425.0,relay_voltage,LC31a,-3.221299913036546e-05,0.0001364315257319504,0.00016864452486231585,0.0,0.0,0.0,0.0
pulse_25ms,425.0,relay_voltage,LC31b,-0.00034790039062215783,0.0004638671874985789,0.0008117675781207367,0.0,0.0,0.0,0.0
pulse_25ms,425.0,relay_voltage,LCe04,-9.663899739820181e-05,0.0002536773681640625,0.0003503163655622643,0.0,0.0,0.0,0.0
pulse_25ms,425.0,relay_voltage,LCe06,0.00011596679687642109,-3.865559896354398e-05,-0.00015462239583996507,0.0,0.0,0.0,0.0
pulse_25ms,425.0,relay_voltage,LT82a,0.0002899169921875,-0.0002899169921875,-0.000579833984375,0.0,0.0,0.0,0.0
pulse_25ms,425.0,descending_rate,DNae002,0.0,0.0,0.0,0.0,0.0,0.0,0.0
pulse_25ms,425.0,descending_rate,DNb01,0.0,0.0,0.0,0.0,0.0,0.0,0.0
pulse_25ms,425.0,descending_rate,DNb09,0.0,0.0,0.0,0.0,0.0,0.0,0.0
pulse_25ms,425.0,descending_rate,DNg97,0.0,0.0,0.0,0.0,0.0,0.0,0.0
pulse_25ms,425.0,descending_rate,DNp06,0.0,0.0,0.0,0.0,0.0,0.0,0.0
pulse_25ms,425.0,descending_rate,DNp09,0.0,0.0,0.0,0.0,0.0,0.0,0.0
pulse_25ms,425.0,descending_rate,DNp103,0.0,0.0,0.0,0.0,0.0,0.0,0.0
pulse_25ms,425.0,descending_rate,DNp18,0.0,0.0,0.0,0.0,0.0,0.0,0.0
pulse_25ms,425.0,descending_rate,DNp35,0.0,0.0,0.0,0.0,0.0,0.0,0.0
pulse_25ms,425.0,descending_rate,DNp43,0.0,0.0,0.0,0.0,0.0,0.0,0.0
pulse_25ms,425.0,descending_rate,DNp69,0.0,0.0,0.0,0.0,0.0,0.0,0.0
pulse_25ms,425.0,descending_rate,DNp71,0.0,0.0,0.0,0.0,0.0,0.0,0.0
pulse_25ms,425.0,descending_rate,DNpe016,0.0,0.0,0.0,0.0,0.0,0.0,0.0
pulse_25ms,425.0,descending_rate,DNpe031,0.0,0.0,0.0,0.0,0.0,0.0,0.0
pulse_25ms,425.0,descending_rate,DNpe040,0.0,0.0,0.0,0.0,0.0,0.0,0.0
pulse_25ms,425.0,descending_rate,DNpe056,0.0,0.0,0.0,0.0,0.0,0.0,0.0
pulse_25ms,425.0,fixed_motor,turn_bias,0.0,0.0,0.0,0.0,0.0,0.0,0.0
pulse_25ms,425.0,recommended_descending,turn_bias,0.0,0.0,0.0,0.0,0.0,0.0,0.0
pulse_25ms,450.0,relay_voltage,LC19,0.0001932779947892982,-7.2479248046875e-05,-0.0002657572428361732,0.0,0.0,0.0,0.0
pulse_25ms,450.0,relay_voltage,LC31a,-3.221299913036546e-05,0.0001364315257319504,0.00016864452486231585,0.0,0.0,0.0,0.0
pulse_25ms,450.0,relay_voltage,LC31b,-0.00034790039062215783,0.0004638671874985789,0.0008117675781207367,0.0,0.0,0.0,0.0
pulse_25ms,450.0,relay_voltage,LCe04,-9.663899739820181e-05,0.0002536773681640625,0.0003503163655622643,0.0,0.0,0.0,0.0
pulse_25ms,450.0,relay_voltage,LCe06,0.00011596679687642109,-3.865559896354398e-05,-0.00015462239583996507,0.0,0.0,0.0,0.0
pulse_25ms,450.0,relay_voltage,LT82a,0.0002899169921875,-0.0002899169921875,-0.000579833984375,0.0,0.0,0.0,0.0
pulse_25ms,450.0,descending_rate,DNae002,0.0,0.0,0.0,0.0,0.0,0.0,0.0
pulse_25ms,450.0,descending_rate,DNb01,0.0,0.0,0.0,0.0,0.0,0.0,0.0
pulse_25ms,450.0,descending_rate,DNb09,0.0,0.0,0.0,0.0,0.0,0.0,0.0
pulse_25ms,450.0,descending_rate,DNg97,0.0,0.0,0.0,0.0,0.0,0.0,0.0
pulse_25ms,450.0,descending_rate,DNp06,0.0,0.0,0.0,0.0,0.0,0.0,0.0
pulse_25ms,450.0,descending_rate,DNp09,0.0,0.0,0.0,0.0,0.0,0.0,0.0
pulse_25ms,450.0,descending_rate,DNp103,0.0,0.0,0.0,0.0,0.0,0.0,0.0
pulse_25ms,450.0,descending_rate,DNp18,0.0,0.0,0.0,0.0,0.0,0.0,0.0
pulse_25ms,450.0,descending_rate,DNp35,0.0,0.0,0.0,0.0,0.0,0.0,0.0
pulse_25ms,450.0,descending_rate,DNp43,0.0,0.0,0.0,0.0,0.0,0.0,0.0
pulse_25ms,450.0,descending_rate,DNp69,0.0,0.0,0.0,0.0,0.0,0.0,0.0
pulse_25ms,450.0,descending_rate,DNp71,0.0,0.0,0.0,0.0,0.0,0.0,0.0
pulse_25ms,450.0,descending_rate,DNpe016,0.0,0.0,0.0,0.0,0.0,0.0,0.0
pulse_25ms,450.0,descending_rate,DNpe031,0.0,0.0,0.0,0.0,0.0,0.0,0.0
pulse_25ms,450.0,descending_rate,DNpe040,0.0,0.0,0.0,0.0,0.0,0.0,0.0
pulse_25ms,450.0,descending_rate,DNpe056,0.0,0.0,0.0,0.0,0.0,0.0,0.0
pulse_25ms,450.0,fixed_motor,turn_bias,0.0,0.0,0.0,0.0,0.0,0.0,0.0
pulse_25ms,450.0,recommended_descending,turn_bias,0.0,0.0,0.0,0.0,0.0,0.0,0.0
pulse_25ms,475.0,relay_voltage,LC19,0.0001932779947892982,-7.2479248046875e-05,-0.0002657572428361732,0.0,0.0,0.0,0.0
pulse_25ms,475.0,relay_voltage,LC31a,-3.221299913036546e-05,0.0001364315257319504,0.00016864452486231585,0.0,0.0,0.0,0.0
pulse_25ms,475.0,relay_voltage,LC31b,-0.00034790039062215783,0.0004638671874985789,0.0008117675781207367,0.0,0.0,0.0,0.0
pulse_25ms,475.0,relay_voltage,LCe04,-9.663899739820181e-05,0.0002536773681640625,0.0003503163655622643,0.0,0.0,0.0,0.0
pulse_25ms,475.0,relay_voltage,LCe06,0.00011596679687642109,-3.865559896354398e-05,-0.00015462239583996507,0.0,0.0,0.0,0.0
pulse_25ms,475.0,relay_voltage,LT82a,0.0002899169921875,-0.0002899169921875,-0.000579833984375,0.0,0.0,0.0,0.0
pulse_25ms,475.0,descending_rate,DNae002,0.0,0.0,0.0,0.0,0.0,0.0,0.0
pulse_25ms,475.0,descending_rate,DNb01,0.0,0.0,0.0,0.0,0.0,0.0,0.0
pulse_25ms,475.0,descending_rate,DNb09,0.0,0.0,0.0,0.0,0.0,0.0,0.0
pulse_25ms,475.0,descending_rate,DNg97,0.0,0.0,0.0,0.0,0.0,0.0,0.0
pulse_25ms,475.0,descending_rate,DNp06,0.0,0.0,0.0,0.0,0.0,0.0,0.0
pulse_25ms,475.0,descending_rate,DNp09,0.0,0.0,0.0,0.0,0.0,0.0,0.0
pulse_25ms,475.0,descending_rate,DNp103,0.0,0.0,0.0,0.0,0.0,0.0,0.0
pulse_25ms,475.0,descending_rate,DNp18,0.0,0.0,0.0,0.0,0.0,0.0,0.0
pulse_25ms,475.0,descending_rate,DNp35,0.0,0.0,0.0,0.0,0.0,0.0,0.0
pulse_25ms,475.0,descending_rate,DNp43,0.0,0.0,0.0,0.0,0.0,0.0,0.0
pulse_25ms,475.0,descending_rate,DNp69,0.0,0.0,0.0,0.0,0.0,0.0,0.0
pulse_25ms,475.0,descending_rate,DNp71,0.0,0.0,0.0,0.0,0.0,0.0,0.0
pulse_25ms,475.0,descending_rate,DNpe016,0.0,0.0,0.0,0.0,0.0,0.0,0.0
pulse_25ms,475.0,descending_rate,DNpe031,0.0,0.0,0.0,0.0,0.0,0.0,0.0
pulse_25ms,475.0,descending_rate,DNpe040,0.0,0.0,0.0,0.0,0.0,0.0,0.0
pulse_25ms,475.0,descending_rate,DNpe056,0.0,0.0,0.0,0.0,0.0,0.0,0.0
pulse_25ms,475.0,fixed_motor,turn_bias,0.0,0.0,0.0,0.0,0.0,0.0,0.0
pulse_25ms,475.0,recommended_descending,turn_bias,0.0,0.0,0.0,0.0,0.0,0.0,0.0
pulse_25ms,500.0,relay_voltage,LC19,0.0001932779947892982,-7.2479248046875e-05,-0.0002657572428361732,0.0,0.0,0.0,0.0
pulse_25ms,500.0,relay_voltage,LC31a,-3.221299913036546e-05,0.0001364315257319504,0.00016864452486231585,0.0,0.0,0.0,0.0
pulse_25ms,500.0,relay_voltage,LC31b,-0.00034790039062215783,0.0004638671874985789,0.0008117675781207367,0.0,0.0,0.0,0.0
pulse_25ms,500.0,relay_voltage,LCe04,-9.663899739820181e-05,0.0002536773681640625,0.0003503163655622643,0.0,0.0,0.0,0.0
pulse_25ms,500.0,relay_voltage,LCe06,0.00011596679687642109,-3.865559896354398e-05,-0.00015462239583996507,0.0,0.0,0.0,0.0
pulse_25ms,500.0,relay_voltage,LT82a,0.0002899169921875,-0.0002899169921875,-0.000579833984375,0.0,0.0,0.0,0.0
pulse_25ms,500.0,descending_rate,DNae002,0.0,0.0,0.0,0.0,0.0,0.0,0.0
pulse_25ms,500.0,descending_rate,DNb01,0.0,0.0,0.0,0.0,0.0,0.0,0.0
pulse_25ms,500.0,descending_rate,DNb09,0.0,0.0,0.0,0.0,0.0,0.0,0.0
pulse_25ms,500.0,descending_rate,DNg97,0.0,0.0,0.0,0.0,0.0,0.0,0.0
pulse_25ms,500.0,descending_rate,DNp06,0.0,0.0,0.0,0.0,0.0,0.0,0.0
pulse_25ms,500.0,descending_rate,DNp09,0.0,0.0,0.0,0.0,0.0,0.0,0.0
pulse_25ms,500.0,descending_rate,DNp103,0.0,0.0,0.0,0.0,0.0,0.0,0.0
pulse_25ms,500.0,descending_rate,DNp18,0.0,0.0,0.0,0.0,0.0,0.0,0.0
pulse_25ms,500.0,descending_rate,DNp35,0.0,0.0,0.0,0.0,0.0,0.0,0.0
pulse_25ms,500.0,descending_rate,DNp43,0.0,0.0,0.0,0.0,0.0,0.0,0.0
pulse_25ms,500.0,descending_rate,DNp69,0.0,0.0,0.0,0.0,0.0,0.0,0.0
pulse_25ms,500.0,descending_rate,DNp71,0.0,0.0,0.0,0.0,0.0,0.0,0.0
pulse_25ms,500.0,descending_rate,DNpe016,0.0,0.0,0.0,0.0,0.0,0.0,0.0
pulse_25ms,500.0,descending_rate,DNpe031,0.0,0.0,0.0,0.0,0.0,0.0,0.0
pulse_25ms,500.0,descending_rate,DNpe040,0.0,0.0,0.0,0.0,0.0,0.0,0.0
pulse_25ms,500.0,descending_rate,DNpe056,0.0,0.0,0.0,0.0,0.0,0.0,0.0
pulse_25ms,500.0,fixed_motor,turn_bias,0.0,0.0,0.0,0.0,0.0,0.0,0.0
pulse_25ms,500.0,recommended_descending,turn_bias,0.0,0.0,0.0,0.0,0.0,0.0,0.0
pulse_25ms,525.0,relay_voltage,LC19,0.0001932779947892982,-7.2479248046875e-05,-0.0002657572428361732,0.0,0.0,0.0,0.0
pulse_25ms,525.0,relay_voltage,LC31a,-3.221299913036546e-05,0.0001364315257319504,0.00016864452486231585,0.0,0.0,0.0,0.0
pulse_25ms,525.0,relay_voltage,LC31b,-0.00034790039062215783,0.0004638671874985789,0.0008117675781207367,0.0,0.0,0.0,0.0
pulse_25ms,525.0,relay_voltage,LCe04,-9.663899739820181e-05,0.0002536773681640625,0.0003503163655622643,0.0,0.0,0.0,0.0
pulse_25ms,525.0,relay_voltage,LCe06,0.00011596679687642109,-3.865559896354398e-05,-0.00015462239583996507,0.0,0.0,0.0,0.0
pulse_25ms,525.0,relay_voltage,LT82a,0.0002899169921875,-0.0002899169921875,-0.000579833984375,0.0,0.0,0.0,0.0
pulse_25ms,525.0,descending_rate,DNae002,0.0,0.0,0.0,0.0,0.0,0.0,0.0
pulse_25ms,525.0,descending_rate,DNb01,0.0,0.0,0.0,0.0,0.0,0.0,0.0
pulse_25ms,525.0,descending_rate,DNb09,0.0,0.0,0.0,0.0,0.0,0.0,0.0
pulse_25ms,525.0,descending_rate,DNg97,0.0,0.0,0.0,0.0,0.0,0.0,0.0
pulse_25ms,525.0,descending_rate,DNp06,0.0,0.0,0.0,0.0,0.0,0.0,0.0
pulse_25ms,525.0,descending_rate,DNp09,0.0,0.0,0.0,0.0,0.0,0.0,0.0
pulse_25ms,525.0,descending_rate,DNp103,0.0,0.0,0.0,0.0,0.0,0.0,0.0
pulse_25ms,525.0,descending_rate,DNp18,0.0,0.0,0.0,0.0,0.0,0.0,0.0
pulse_25ms,525.0,descending_rate,DNp35,0.0,0.0,0.0,0.0,0.0,0.0,0.0
pulse_25ms,525.0,descending_rate,DNp43,0.0,0.0,0.0,0.0,0.0,0.0,0.0
pulse_25ms,525.0,descending_rate,DNp69,0.0,0.0,0.0,0.0,0.0,0.0,0.0
pulse_25ms,525.0,descending_rate,DNp71,0.0,0.0,0.0,0.0,0.0,0.0,0.0
pulse_25ms,525.0,descending_rate,DNpe016,0.0,0.0,0.0,0.0,0.0,0.0,0.0
pulse_25ms,525.0,descending_rate,DNpe031,0.0,0.0,0.0,0.0,0.0,0.0,0.0
pulse_25ms,525.0,descending_rate,DNpe040,0.0,0.0,0.0,0.0,0.0,0.0,0.0
pulse_25ms,525.0,descending_rate,DNpe056,0.0,0.0,0.0,0.0,0.0,0.0,0.0
pulse_25ms,525.0,fixed_motor,turn_bias,0.0,0.0,0.0,0.0,0.0,0.0,0.0
pulse_25ms,525.0,recommended_descending,turn_bias,0.0,0.0,0.0,0.0,0.0,0.0,0.0
