condition,cell_type,side,bin_index,flyvis_node_count,brain_root_count,teacher_raw_mean,teacher_baseline_mean,teacher_signed_delta,teacher_target_value,input_value,student_raw_rate_hz,student_delta_rate_hz,student_raw_voltage_mv,student_delta_voltage_mv,student_raw_conductance,student_delta_conductance
baseline_gray,Am,left,0,721,84,-3.676418104176713,-3.676418104176713,0.0,0.0,0.0,0.0,0.0,-52.0,0.0,0.0,0.0
baseline_gray,Am,right,0,721,229,-3.676418104176713,-3.676418104176713,0.0,0.0,0.0,0.0,0.0,-52.0,0.0,0.0,0.0
baseline_gray,C2,left,0,721,723,0.2509370452792858,0.2509370452792858,0.0,0.0,0.0,0.0,0.0,-52.0,0.0,0.0,0.0
baseline_gray,C2,right,0,721,733,0.2509370452792858,0.2509370452792858,0.0,0.0,0.0,0.0,0.0,-52.0,0.0,0.0,0.0
baseline_gray,C3,left,0,721,699,0.2415862400924345,0.2415862400924345,0.0,0.0,0.0,0.0,0.0,-52.0,0.0,0.0,0.0
baseline_gray,C3,right,0,721,761,0.2415862400924345,0.2415862400924345,0.0,0.0,0.0,0.0,0.0,-52.0,0.0,0.0,0.0
baseline_gray,L1,left,0,721,789,-2.565552126559404,-2.565552126559404,0.0,0.0,0.0,0.0,0.0,-52.0,0.0,0.0,0.0
baseline_gray,L1,right,0,721,790,-2.565552126559404,-2.565552126559404,0.0,0.0,0.0,0.0,0.0,-52.0,0.0,0.0,0.0
baseline_gray,L2,left,0,721,764,-2.5756758615147226,-2.5756758615147226,0.0,0.0,0.0,0.0,0.0,-52.0,0.0,0.0,0.0
baseline_gray,L2,right,0,721,790,-2.5756758615147226,-2.5756758615147226,0.0,0.0,0.0,0.0,0.0,-52.0,0.0,0.0,0.0
baseline_gray,L3,left,0,721,680,0.0704091596716745,0.0704091596716745,0.0,0.0,0.0,0.0,0.0,-52.0,0.0,0.0,0.0
baseline_gray,L3,right,0,721,726,0.0704091596716745,0.0704091596716745,0.0,0.0,0.0,0.0,0.0,-52.0,0.0,0.0,0.0
baseline_gray,L4,left,0,721,659,1.0686288824235186,1.0686288824235186,0.0,0.0,0.0,0.0,0.0,-52.0,0.0,0.0,0.0
baseline_gray,L4,right,0,721,739,1.0686288824235186,1.0686288824235186,0.0,0.0,0.0,0.0,0.0,-52.0,0.0,0.0,0.0
baseline_gray,L5,left,0,721,821,0.11559486711312514,0.11559486711312514,0.0,0.0,0.0,0.0,0.0,-51.93666260657734,0.0,0.0,0.0
baseline_gray,L5,right,0,721,786,0.11559486711312514,0.11559486711312514,0.0,0.0,0.0,0.0,0.0,-52.0,0.0,0.0,0.0
baseline_gray,Lawf1,left,0,123,199,-0.47671180197854796,-0.47671180197854796,0.0,0.0,0.0,0.0,0.0,-51.47738693467337,0.0,0.0,0.0
baseline_gray,Lawf1,right,0,123,156,-0.47671180197854796,-0.47671180197854796,0.0,0.0,0.0,0.0,0.0,-52.0,0.0,0.0,0.0
baseline_gray,Lawf2,left,0,123,145,0.5242224922327976,0.5242224922327976,0.0,0.0,0.0,0.0,0.0,-52.0,0.0,0.0,0.0
baseline_gray,Lawf2,right,0,123,168,0.5242224922327976,0.5242224922327976,0.0,0.0,0.0,0.0,0.0,-52.0,0.0,0.0,0.0
baseline_gray,Mi1,left,0,721,787,0.8997077064875425,0.8997077064875425,0.0,0.0,0.0,0.0,0.0,-52.0,0.0,0.0,0.0
baseline_gray,Mi1,right,0,721,793,0.8997077064875425,0.8997077064875425,0.0,0.0,0.0,0.0,0.0,-52.0,0.0,0.0,0.0
baseline_gray,Mi10,left,0,721,195,1.3249444319103196,1.3249444319103196,0.0,0.0,0.0,0.0,0.0,-52.0,0.0,0.0,0.0
baseline_gray,Mi10,right,0,721,206,1.3249444319103196,1.3249444319103196,0.0,0.0,0.0,0.0,0.0,-52.0,0.0,0.0,0.0
baseline_gray,Mi13,left,0,721,367,0.6806043193787956,0.6806043193787956,0.0,0.0,0.0,0.0,0.0,-52.0,0.0,0.0,0.0
baseline_gray,Mi13,right,0,721,353,0.6806043193787956,0.6806043193787956,0.0,0.0,0.0,0.0,0.0,-52.0,0.0,0.0,0.0
baseline_gray,Mi14,left,0,721,124,0.2915014032734333,0.2915014032734333,0.0,0.0,0.0,0.0,0.0,-52.0,0.0,0.0,0.0
baseline_gray,Mi14,right,0,721,124,0.2915014032734333,0.2915014032734333,0.0,0.0,0.0,0.0,0.0,-52.0,0.0,0.0,0.0
baseline_gray,Mi15,left,0,721,498,0.3664863612231554,0.3664863612231554,0.0,0.0,0.0,0.0,0.0,-52.0,0.0,0.0,0.0
baseline_gray,Mi15,right,0,721,482,0.3664863612231554,0.3664863612231554,0.0,0.0,0.0,0.0,0.0,-52.0,0.0,0.0,0.0
baseline_gray,Mi2,left,0,721,410,1.2401932511845508,1.2401932511845508,0.0,0.0,0.0,0.0,0.0,-52.0,0.0,0.0,0.0
baseline_gray,Mi2,right,0,721,419,1.2401932511845508,1.2401932511845508,0.0,0.0,0.0,0.0,0.0,-52.0,0.0,0.0,0.0
baseline_gray,Mi4,left,0,721,764,2.5961487655335427,2.5961487655335427,0.0,0.0,0.0,0.0,0.0,-52.0,0.0,0.0,0.0
baseline_gray,Mi4,right,0,721,764,2.5961487655335427,2.5961487655335427,0.0,0.0,0.0,0.0,0.0,-52.0,0.0,0.0,0.0
baseline_gray,Mi9,left,0,721,801,0.13652539833143065,0.13652539833143065,0.0,0.0,0.0,0.0,0.0,-52.0,0.0,0.0,0.0
baseline_gray,Mi9,right,0,721,767,0.13652539833143065,0.13652539833143065,0.0,0.0,0.0,0.0,0.0,-52.0,0.0,0.0,0.0
baseline_gray,R7,left,0,721,672,0.4320753999054432,0.4320753999054432,0.0,0.0,0.0,0.0,0.0,-51.69047619047619,0.0,0.0,0.0
baseline_gray,R7,right,0,721,671,0.4320753999054432,0.4320753999054432,0.0,0.0,0.0,0.0,0.0,-51.845007451564825,0.0,0.0,0.0
baseline_gray,R8,left,0,721,670,1.777094915509224,1.777094915509224,0.0,0.0,0.0,0.0,0.0,-51.37910447761194,0.0,0.0,0.0
baseline_gray,R8,right,0,721,654,1.777094915509224,1.777094915509224,0.0,0.0,0.0,0.0,0.0,-51.84097859327217,0.0,0.0,0.0
baseline_gray,T1,left,0,721,645,-0.33451253229212247,-0.33451253229212247,0.0,0.0,0.0,0.0,0.0,-52.0,0.0,0.0,0.0
baseline_gray,T1,right,0,721,745,-0.33451253229212247,-0.33451253229212247,0.0,0.0,0.0,0.0,0.0,-52.0,0.0,0.0,0.0
baseline_gray,T2,left,0,721,738,5.059273368463272,5.059273368463272,0.0,0.0,0.0,0.0,0.0,-52.0,0.0,0.0,0.0
baseline_gray,T2,right,0,721,716,5.059273368463272,5.059273368463272,0.0,0.0,0.0,0.0,0.0,-52.0,0.0,0.0,0.0
baseline_gray,T2a,left,0,721,910,0.4931501398707808,0.4931501398707808,0.0,0.0,0.0,0.0,0.0,-52.0,0.0,0.0,0.0
baseline_gray,T2a,right,0,721,871,0.4931501398707808,0.4931501398707808,0.0,0.0,0.0,0.0,0.0,-52.0,0.0,0.0,0.0
baseline_gray,T3,left,0,721,825,0.686323561838695,0.686323561838695,0.0,0.0,0.0,0.0,0.0,-52.0,0.0,0.0,0.0
baseline_gray,T3,right,0,721,790,0.686323561838695,0.686323561838695,0.0,0.0,0.0,0.0,0.0,-52.0,0.0,0.0,0.0
baseline_gray,T4a,left,0,721,729,0.14835371661864027,0.14835371661864027,0.0,0.0,0.0,0.0,0.0,-52.0,0.0,0.0,0.0
baseline_gray,T4a,right,0,721,734,0.14835371661864027,0.14835371661864027,0.0,0.0,0.0,0.0,0.0,-52.0,0.0,0.0,0.0
baseline_gray,T4b,left,0,721,756,0.008925139044429887,0.008925139044429887,0.0,0.0,0.0,0.0,0.0,-52.0,0.0,0.0,0.0
baseline_gray,T4b,right,0,721,751,0.008925139044429887,0.008925139044429887,0.0,0.0,0.0,0.0,0.0,-52.0,0.0,0.0,0.0
baseline_gray,T4c,left,0,721,850,-0.017588837858833695,-0.017588837858833695,0.0,0.0,0.0,0.0,0.0,-52.0,0.0,0.0,0.0
baseline_gray,T4c,right,0,721,842,-0.017588837858833695,-0.017588837858833695,0.0,0.0,0.0,0.0,0.0,-52.0,0.0,0.0,0.0
baseline_gray,T4d,left,0,721,802,-0.17112019869541534,-0.17112019869541534,0.0,0.0,0.0,0.0,0.0,-52.0,0.0,0.0,0.0
baseline_gray,T4d,right,0,721,776,-0.17112019869541534,-0.17112019869541534,0.0,0.0,0.0,0.0,0.0,-52.0,0.0,0.0,0.0
baseline_gray,T5a,left,0,721,742,0.11175657638989489,0.11175657638989489,0.0,0.0,0.0,0.0,0.0,-52.0,0.0,0.0,0.0
baseline_gray,T5a,right,0,721,740,0.11175657638989489,0.11175657638989489,0.0,0.0,0.0,0.0,0.0,-52.0,0.0,0.0,0.0
baseline_gray,T5b,left,0,721,758,0.014668236694643318,0.014668236694643318,0.0,0.0,0.0,0.0,0.0,-52.0,0.0,0.0,0.0
baseline_gray,T5b,right,0,721,762,0.014668236694643318,0.014668236694643318,0.0,0.0,0.0,0.0,0.0,-52.0,0.0,0.0,0.0
baseline_gray,T5c,left,0,721,763,-0.02281167717476273,-0.02281167717476273,0.0,0.0,0.0,0.0,0.0,-52.0,0.0,0.0,0.0
baseline_gray,T5c,right,0,721,766,-0.02281167717476273,-0.02281167717476273,0.0,0.0,0.0,0.0,0.0,-52.0,0.0,0.0,0.0
baseline_gray,T5d,left,0,721,740,-0.008648808860104589,-0.008648808860104589,0.0,0.0,0.0,0.0,0.0,-52.0,0.0,0.0,0.0
baseline_gray,T5d,right,0,721,727,-0.008648808860104589,-0.008648808860104589,0.0,0.0,0.0,0.0,0.0,-52.0,0.0,0.0,0.0
baseline_gray,Tm1,left,0,721,773,0.25418798348785027,0.25418798348785027,0.0,0.0,0.0,0.0,0.0,-52.0,0.0,0.0,0.0
baseline_gray,Tm1,right,0,721,771,0.25418798348785027,0.25418798348785027,0.0,0.0,0.0,0.0,0.0,-52.0,0.0,0.0,0.0
baseline_gray,Tm16,left,0,721,168,-0.2450590306899268,-0.2450590306899268,0.0,0.0,0.0,0.0,0.0,-52.0,0.0,0.0,0.0
baseline_gray,Tm16,right,0,721,175,-0.2450590306899268,-0.2450590306899268,0.0,0.0,0.0,0.0,0.0,-52.0,0.0,0.0,0.0
baseline_gray,Tm2,left,0,721,765,-0.32067304587924284,-0.32067304587924284,0.0,0.0,0.0,0.0,0.0,-52.0,0.0,0.0,0.0
baseline_gray,Tm2,right,0,721,763,-0.32067304587924284,-0.32067304587924284,0.0,0.0,0.0,0.0,0.0,-52.0,0.0,0.0,0.0
baseline_gray,Tm20,left,0,721,747,0.5364302146337647,0.5364302146337647,0.0,0.0,0.0,0.0,0.0,-52.0,0.0,0.0,0.0
baseline_gray,Tm20,right,0,721,741,0.5364302146337647,0.5364302146337647,0.0,0.0,0.0,0.0,0.0,-52.0,0.0,0.0,0.0
baseline_gray,Tm3,left,0,721,889,1.6702640961013455,1.6702640961013455,0.0,0.0,0.0,0.0,0.0,-52.0,0.0,0.0,0.0
baseline_gray,Tm3,right,0,721,857,1.6702640961013455,1.6702640961013455,0.0,0.0,0.0,0.0,0.0,-52.0,0.0,0.0,0.0
baseline_gray,Tm4,left,0,721,755,-0.008280457847305694,-0.008280457847305694,0.0,0.0,0.0,0.0,0.0,-52.0,0.0,0.0,0.0
baseline_gray,Tm4,right,0,721,734,-0.008280457847305694,-0.008280457847305694,0.0,0.0,0.0,0.0,0.0,-52.0,0.0,0.0,0.0
baseline_gray,Tm5Y,left,0,721,407,0.2936388212081753,0.2936388212081753,0.0,0.0,0.0,0.0,0.0,-52.0,0.0,0.0,0.0
baseline_gray,Tm5Y,right,0,721,401,0.2936388212081753,0.2936388212081753,0.0,0.0,0.0,0.0,0.0,-52.0,0.0,0.0,0.0
baseline_gray,Tm5a,left,0,721,229,-0.206870148273575,-0.206870148273575,0.0,0.0,0.0,0.0,0.0,-52.0,0.0,0.0,0.0
baseline_gray,Tm5a,right,0,721,221,-0.206870148273575,-0.206870148273575,0.0,0.0,0.0,0.0,0.0,-52.0,0.0,0.0,0.0
baseline_gray,Tm5c,left,0,721,297,1.3256751328006635,1.3256751328006635,0.0,0.0,0.0,0.0,0.0,-52.0,0.0,0.0,0.0
baseline_gray,Tm5c,right,0,721,310,1.3256751328006635,1.3256751328006635,0.0,0.0,0.0,0.0,0.0,-52.0,0.0,0.0,0.0
baseline_gray,Tm9,left,0,721,756,-0.02698992450692791,-0.02698992450692791,0.0,0.0,0.0,0.0,0.0,-52.0,0.0,0.0,0.0
baseline_gray,Tm9,right,0,721,750,-0.02698992450692791,-0.02698992450692791,0.0,0.0,0.0,0.0,0.0,-52.0,0.0,0.0,0.0
baseline_gray,TmY14,left,0,721,185,-1.0332390703738832,-1.0332390703738832,0.0,0.0,0.0,0.0,0.0,-52.0,0.0,0.0,0.0
baseline_gray,TmY14,right,0,721,185,-1.0332390703738832,-1.0332390703738832,0.0,0.0,0.0,0.0,0.0,-52.0,0.0,0.0,0.0
baseline_gray,TmY15,left,0,721,106,0.6677045818216758,0.6677045818216758,0.0,0.0,0.0,0.0,0.0,-52.0,0.0,0.0,0.0
baseline_gray,TmY15,right,0,721,119,0.6677045818216758,0.6677045818216758,0.0,0.0,0.0,0.0,0.0,-52.0,0.0,0.0,0.0
baseline_gray,TmY18,left,0,721,569,1.8105015045602841,1.8105015045602841,0.0,0.0,0.0,0.0,0.0,-52.0,0.0,0.0,0.0
baseline_gray,TmY18,right,0,721,559,1.8105015045602841,1.8105015045602841,0.0,0.0,0.0,0.0,0.0,-52.0,0.0,0.0,0.0
baseline_gray,TmY3,left,0,721,374,-0.8081851075797364,-0.8081851075797364,0.0,0.0,0.0,0.0,0.0,-52.0,0.0,0.0,0.0
baseline_gray,TmY3,right,0,721,360,-0.8081851075797364,-0.8081851075797364,0.0,0.0,0.0,0.0,0.0,-52.0,0.0,0.0,0.0
baseline_gray,TmY4,left,0,721,215,0.03921795776540485,0.03921795776540485,0.0,0.0,0.0,0.0,0.0,-52.0,0.0,0.0,0.0
baseline_gray,TmY4,right,0,721,211,0.03921795776540485,0.03921795776540485,0.0,0.0,0.0,0.0,0.0,-52.0,0.0,0.0,0.0
baseline_gray,TmY5a,left,0,721,504,0.5994574370913158,0.5994574370913158,0.0,0.0,0.0,0.0,0.0,-52.0,0.0,0.0,0.0
baseline_gray,TmY5a,right,0,721,521,0.5994574370913158,0.5994574370913158,0.0,0.0,0.0,0.0,0.0,-52.0,0.0,0.0,0.0
baseline_gray,TmY9,left,0,721,371,1.4208601187919776,1.4208601187919776,0.0,0.0,0.0,0.0,0.0,-52.0,0.0,0.0,0.0
baseline_gray,TmY9,right,0,721,356,1.4208601187919776,1.4208601187919776,0.0,0.0,0.0,0.0,0.0,-52.0,0.0,0.0,0.0
body_left_dark,Am,left,0,721,84,-3.0779932826013408,-3.676418104176713,0.5984248215753722,0.5984248215753722,62.86298635890038,330.0,330.0,-51.436860311599006,0.5631396884009945,55.83147875467936,55.83147875467936
body_left_dark,Am,right,0,721,229,-3.0778489433611314,-3.676418104176713,0.5985691608155816,0.5985691608155816,62.8781488243617,330.0,330.0,-51.43673554466281,0.5632644553371904,55.844955344387536,55.844955344387536
body_left_dark,C2,left,0,721,723,0.23339351216504214,0.2509370452792858,-0.017543533114243642,-0.017543533114243642,-1.842902973082495,0.0,0.0,-126.63734883457464,-74.63734883457464,-94.81126929318756,-94.81126929318756
body_left_dark,C2,right,0,721,733,0.2326127400727692,0.2509370452792858,-0.018324305206516595,-0.018324305206516595,-1.9249210706218913,0.0,0.0,-131.10765737661072,-79.10765737661072,-100.48891101332349,-100.48891101332349
body_left_dark,C3,left,0,721,699,0.24162317531237615,0.2415862400924345,3.693521994163618e-05,3.693521994163618e-05,0.0038799497341064416,0.0715307582260372,0.0715307582260372,-58.91719438282717,-6.917194382827169,-8.820653161153901,-8.820653161153901
body_left_dark,C3,right,0,721,761,0.24177215476849745,0.2415862400924345,0.0001859146760629371,0.0001859146760629371,0.01952985792684368,0.15768725361366623,0.15768725361366623,-61.14984106296935,-9.149841062969351,-11.640473540869888,-11.640473540869888
body_left_dark,L1,left,0,721,789,-2.3153661021784506,-2.565552126559404,0.2501860243809535,0.2501860243809535,26.281397547054304,290.0,290.0,-51.207225122681436,0.7927748773185641,47.09959474474154,47.09959474474154
body_left_dark,L1,right,0,721,790,-2.3153576970141736,-2.565552126559404,0.2501944295452305,0.2501944295452305,26.282280487915447,290.0,290.0,-51.20707324547104,0.7929267545289633,47.10777436268481,47.10777436268481
body_left_dark,L2,left,0,721,764,-2.305825564261118,-2.5756758615147226,0.26985029725360477,0.26985029725360477,28.347078770130835,300.0,300.0,-51.33316401536552,0.6668359846344813,44.023569950882674,44.023569950882674
body_left_dark,L2,right,0,721,790,-2.305855722743992,-2.5756758615147226,0.26982013877073063,0.26982013877073063,28.343910699173268,300.0,300.0,-51.33173368429836,0.6682663157016435,44.08482064355778,44.08482064355778
body_left_dark,L3,left,0,721,680,0.12661167491460623,0.0704091596716745,0.056202515242931725,0.056202515242931725,5.903929485664416,209.98529411764707,209.98529411764707,-50.752711397058825,1.2472886029411754,31.960397695092595,31.960397695092595
body_left_dark,L3,right,0,721,726,0.12714408310822917,0.0704091596716745,0.05673492343655466,0.05673492343655466,5.959857595272199,209.86225895316804,209.86225895316804,-50.74566889991445,1.254331100085551,32.08533222681891,32.08533222681891
body_left_dark,L4,left,0,721,659,1.0754167318716128,1.0686288824235186,0.006787849448094185,0.006787849448094185,0.7130461034996863,84.79514415781487,84.79514415781487,-49.844237192990384,2.1557628070096158,14.683569714223488,14.683569714223488
body_left_dark,L4,right,0,721,739,1.0751565241367245,1.0686288824235186,0.006527641713205856,0.006527641713205856,0.6857119510731478,82.00270635994588,82.00270635994588,-49.844372926126155,2.155627073873845,14.352268723576898,14.352268723576898
body_left_dark,L5,left,0,721,821,0.07624414340631591,0.11559486711312514,-0.039350723706809226,-0.039350723706809226,-4.133692183893546,0.0,0.0,-208.0897506918309,-156.15308808525356,-198.29205931873764,-198.29205931873764
body_left_dark,L5,right,0,721,786,0.07652765001207797,0.11559486711312514,-0.03906721710104717,-0.03906721710104717,-4.103910545084245,0.0,0.0,-208.47779654000553,-156.47779654000553,-198.68360036990723,-198.68360036990723
body_left_dark,Lawf1,left,0,123,199,-0.5269305435600488,-0.47671180197854796,-0.0502187415815008,-0.0502187415815008,-5.2753494727848835,0.0,0.0,-247.6765215696402,-196.1991346349668,-249.37214790995995,-249.37214790995995
body_left_dark,Lawf1,right,0,123,156,-0.5272957954964623,-0.47671180197854796,-0.05058399351791437,-0.05058399351791437,-5.313718248057078,0.0,0.0,-255.82887884286734,-203.82887884286734,-259.28402416522687,-259.28402416522687
body_left_dark,Lawf2,left,0,123,145,0.46778916643281293,0.5242224922327976,-0.05643332579998467,-0.05643332579998467,-5.928175540267086,0.0,0.0,-265.4857188257678,-213.48571882576778,-271.12914407664334,-271.12914407664334
body_left_dark,Lawf2,right,0,123,168,0.47313743110412987,0.5242224922327976,-0.05108506112866773,-0.05108506112866773,-5.366354110147079,0.0,0.0,-244.8154150644938,-192.8154150644938,-244.86206417992003,-244.86206417992003
body_left_dark,Mi1,left,0,721,787,0.4797446909470383,0.8997077064875425,-0.4199630155405042,-0.4199630155405042,-44.11603323482841,0.0,0.0,-1696.6911053396998,-1644.6911053396998,-2088.719398353121,-2088.719398353121
body_left_dark,Mi1,right,0,721,793,0.48261229770617164,0.8997077064875425,-0.41709540878137086,-0.41709540878137086,-43.81479852984486,0.0,0.0,-1689.675369166486,-1637.675369166486,-2079.8054905779577,-2079.8054905779577
body_left_dark,Mi10,left,0,721,195,1.0897275462343607,1.3249444319103196,-0.2352168856759589,-0.2352168856759589,-24.708928076721605,0.0,0.0,-976.854285919972,-924.854285919972,-1174.5989076272035,-1174.5989076272035
body_left_dark,Mi10,right,0,721,206,1.093534716269345,1.3249444319103196,-0.23140971564097468,-0.23140971564097468,-24.308994669305147,0.0,0.0,-963.9060411175478,-911.9060411175478,-1158.160911782274,-1158.160911782274
body_left_dark,Mi13,left,0,721,367,0.6499083583164397,0.6806043193787956,-0.030695961062355948,-0.030695961062355948,-3.2245316570532307,0.0,0.0,-171.72091379607406,-119.72091379607406,-152.03199127779345,-152.03199127779345
body_left_dark,Mi13,right,0,721,353,0.6473631718649365,0.6806043193787956,-0.03324114751385909,-0.03324114751385909,-3.4918969390622565,0.0,0.0,-182.1800290288736,-130.1800290288736,-165.30405073733235,-165.30405073733235
body_left_dark,Mi14,left,0,721,124,0.25419693930273496,0.2915014032734333,-0.037304463970698365,-0.037304463970698365,-3.9187378684303753,0.0,0.0,-197.79057644259544,-145.79057644259544,-185.2400635750063,-185.2400635750063
body_left_dark,Mi14,right,0,721,124,0.25634979927620427,0.2915014032734333,-0.03515160399722905,-0.03515160399722905,-3.6925854725645926,0.0,0.0,-188.47395595427483,-136.47395595427483,-173.35867580290764,-173.35867580290764
body_left_dark,Mi15,left,0,721,498,0.03626639749105612,0.3664863612231554,-0.3302199637320993,-0.3302199637320993,-34.68875676125838,0.0,0.0,-1330.1647495744699,-1278.1647495744699,-1623.1199387393324,-1623.1199387393324
body_left_dark,Mi15,right,0,721,482,0.030597493089942182,0.3664863612231554,-0.3358888681332132,-0.3358888681332132,-35.28426056923713,0.0,0.0,-1352.747272412312,-1300.747272412312,-1651.797180682297,-1651.797180682297
body_left_dark,Mi2,left,0,721,410,1.1835728559369187,1.2401932511845508,-0.05662039524763207,-0.05662039524763207,-5.947826703974948,0.0,0.0,-268.4383096834508,-216.43830968345083,-274.8474301221894,-274.8474301221894
body_left_dark,Mi2,right,0,721,419,1.1849219991661475,1.2401932511845508,-0.05527125201840333,-0.05527125201840333,-5.806102682247471,0.0,0.0,-262.8310289041524,-210.8310289041524,-267.72035796317965,-267.72035796317965
body_left_dark,Mi4,left,0,721,764,1.9092195079140055,2.5961487655335427,-0.6869292576195372,-0.6869292576195372,-72.16014943629415,0.0,0.0,-2707.514082823748,-2655.514082823748,-3372.1959736609333,-3372.1959736609333
body_left_dark,Mi4,right,0,721,764,1.911215279651767,2.5961487655335427,-0.6849334858817757,-0.6849334858817757,-71.9504987550338,0.0,0.0,-2701.2804082900443,-2649.2804082900443,-3364.3012653770247,-3364.3012653770247
body_left_dark,Mi9,left,0,721,801,0.4827196958521579,0.13652539833143065,0.3461942975207273,0.3461942975207273,36.3668193864073,310.0,310.0,-51.34716346350204,0.6528365364979578,48.51343320639393,48.51343320639393
body_left_dark,Mi9,right,0,721,767,0.48553913200073934,0.13652539833143065,0.34901373366930866,0.34901373366930866,36.66299389280808,310.0,310.0,-51.3417007267242,0.6582992732758015,48.94988065219765,48.94988065219765
body_left_dark,R7,left,0,721,672,0.2625058435030209,0.4320753999054432,-0.16956955640242227,-0.16956955640242227,-17.812845200752864,0.0,0.0,-701.300798688616,-649.6103224981399,-824.9023811703637,-824.9023811703637
body_left_dark,R7,right,0,721,671,0.2625058435030209,0.4320753999054432,-0.16956955640242227,-0.16956955640242227,-17.812845200752864,0.0,0.0,-702.2852655857047,-650.4402581341399,-825.9310843045595,-825.9310843045595
body_left_dark,R8,left,0,721,670,1.4799804929101352,1.777094915509224,-0.2971144225990887,-0.2971144225990887,-31.211104923271677,0.0,0.0,-1182.741341935343,-1131.362237457731,-1436.6566978340718,-1436.6566978340718
body_left_dark,R8,right,0,721,654,1.4799804929101352,1.777094915509224,-0.2971144225990887,-0.2971144225990887,-31.211104923271677,0.0,0.0,-1192.3367781799502,-1140.495799586678,-1448.2335905022578,-1448.2335905022578
body_left_dark,T1,left,0,721,645,-0.2003658724720777,-0.33451253229212247,0.13414665982004476,0.13414665982004476,14.091761140789169,260.0,260.0,-51.072775114783944,0.9272248852160558,39.88901496709779,39.88901496709779
body_left_dark,T1,right,0,721,745,-0.20040192493223347,-0.33451253229212247,0.134110607359889,0.134110607359889,14.087973922697163,260.0,260.0,-51.07750362933882,0.9224963706611788,39.818910857335034,39.818910857335034
body_left_dark,T2,left,0,721,738,4.486882134217991,5.059273368463272,-0.5723912342452806,-0.5723912342452806,-60.12822505522229,0.0,0.0,-2255.7470077886815,-2203.7470077886815,-2798.526116430598,-2798.526116430598
body_left_dark,T2,right,0,721,716,4.543080486615554,5.059273368463272,-0.5161928818477177,-0.5161928818477177,-54.22473286574313,0.0,0.0,-2039.6769071610947,-1987.6769071610947,-2524.0188237195575,-2524.0188237195575
body_left_dark,T2a,left,0,721,910,0.3008578921858436,0.4931501398707808,-0.19229224768493725,-0.19229224768493725,-20.199805401317228,0.0,0.0,-794.529207267342,-742.529207267342,-942.8964788080572,-942.8964788080572
body_left_dark,T2a,right,0,721,871,0.31112524351891746,0.4931501398707808,-0.18202489635186336,-0.18202489635186336,-19.121246585702043,0.0,0.0,-755.8693822429319,-703.8693822429319,-893.7786840007444,-893.7786840007444
body_left_dark,T3,left,0,721,825,0.4532864909415972,0.686323561838695,-0.23303707089709785,-0.23303707089709785,-24.47994414796722,0.0,0.0,-948.7428973573627,-896.7428973573627,-1138.7181674656724,-1138.7181674656724
body_left_dark,T3,right,0,721,790,0.44991830746635497,0.686323561838695,-0.23640525437234006,-0.23640525437234006,-24.833763147822587,0.0,0.0,-961.9475841667079,-909.9475841667079,-1155.432405341426,-1155.432405341426
body_left_dark,T4a,left,0,721,729,-0.12181747572237142,0.14835371661864027,-0.2701711923410117,-0.2701711923410117,-28.380787972648868,0.0,0.0,-1102.960351428541,-1050.960351428541,-1334.763614272548,-1334.763614272548
body_left_dark,T4a,right,0,721,734,-0.14780777859641286,0.14835371661864027,-0.29616149521505314,-0.29616149521505314,-31.111002355691088,0.0,0.0,-1204.8939070948463,-1152.8939070948463,-1464.2214919253981,-1464.2214919253981
body_left_dark,T4b,left,0,721,756,-0.16915270526949172,0.008925139044429887,-0.1780778443139216,-0.1780778443139216,-18.70661893411866,0.0,0.0,-747.0468581265243,-695.0468581265243,-882.7764319364356,-882.7764319364356
body_left_dark,T4b,right,0,721,751,-0.156452929603031,0.008925139044429887,-0.16537806864746088,-0.16537806864746088,-17.372540206601734,0.0,0.0,-700.2992712191037,-648.2992712191037,-823.3951021034454,-823.3951021034454
body_left_dark,T4c,left,0,721,850,-0.16997778500998356,-0.017588837858833695,-0.15238894715114987,-0.15238894715114987,-16.00806644482303,0.0,0.0,-646.1684008789063,-594.1684008789063,-754.6451818129595,-754.6451818129595
body_left_dark,T4c,right,0,721,842,-0.1479132030064254,-0.017588837858833695,-0.13032436514759171,-0.13032436514759171,-13.690238929157696,0.0,0.0,-563.3361084274328,-511.3361084274328,-649.4248999371381,-649.4248999371381
body_left_dark,T4d,left,0,721,802,-0.13698111981727976,-0.17112019869541534,0.03413907887813558,0.03413907887813558,3.5862223164006233,177.2568578553616,177.2568578553616,-50.55074388309013,1.449256116909872,27.246401018632618,27.246401018632618
body_left_dark,T4d,right,0,721,776,-0.13635270001830782,-0.17112019869541534,0.03476749867710752,0.03476749867710752,3.6522361978877567,176.5979381443299,176.5979381443299,-50.5564794097979,1.4435205902020982,27.162704752892562,27.162704752892562
body_left_dark,T5a,left,0,721,742,0.21295375304055567,0.11175657638989489,0.10119717665066078,0.10119717665066078,10.630502789979067,243.4501347708895,243.4501347708895,-50.976652325324295,1.0233476746757049,37.52972150427312,37.52972150427312
body_left_dark,T5a,right,0,721,740,0.2600590311676708,0.11175657638989489,0.14830245477777593,0.14830245477777593,15.578790945108816,269.94594594594594,269.94594594594594,-51.09264503685204,0.9073549631479594,41.31488292281692,41.31488292281692
body_left_dark,T5b,left,0,721,758,0.124456841817957,0.014668236694643318,0.10978860512331369,0.10978860512331369,11.533010225178803,250.0,250.0,-51.00332353234606,0.9966764676539412,38.21634153703272,38.21634153703272
body_left_dark,T5b,right,0,721,762,0.12169802964021119,0.014668236694643318,0.10702979294556787,0.10702979294556787,11.243204110786937,250.0,250.0,-50.97712730047271,1.0228726995272908,38.29156636315694,38.29156636315694
body_left_dark,T5c,left,0,721,763,0.1381735540914044,-0.02281167717476273,0.16098523126616712,0.16098523126616712,16.911083952748207,270.0,270.0,-51.10806465398906,0.8919353460109392,41.934566317817016,41.934566317817016
body_left_dark,T5c,right,0,721,766,0.15378858002570292,-0.02281167717476273,0.17660025720046565,0.17660025720046565,18.551402213139834,271.57963446475196,271.57963446475196,-51.12898040751564,0.8710195924843589,43.40928882967398,43.40928882967398
body_left_dark,T5d,left,0,721,740,0.167668876044923,-0.008648808860104589,0.17631768490502758,0.17631768490502758,18.5217187212239,273.81081081081084,273.81081081081084,-51.12850506241257,0.8714949375874284,43.65819129428348,43.65819129428348
body_left_dark,T5d,right,0,721,727,0.19003324086843248,-0.008648808860104589,0.19868204972853706,0.19868204972853706,20.871037650082325,280.0,280.0,-51.20291804611437,0.7970819538856304,43.059766247315125,43.059766247315125
body_left_dark,Tm1,left,0,721,773,0.25941169900295225,0.25418798348785027,0.005223715515101979,0.005223715515101979,0.5487378620160934,104.89003880983182,104.89003880983182,-50.042855513203804,1.9571444867961958,17.265162603358558,17.265162603358558
body_left_dark,Tm1,right,0,721,771,0.2587817824663964,0.25418798348785027,0.004593798978546115,0.004593798978546115,0.4825667521003769,101.03761348897535,101.03761348897535,-50.072917265341594,1.9270827346584056,16.50722574414601,16.50722574414601
body_left_dark,Tm16,left,0,721,168,-0.1329014387800185,-0.2450590306899268,0.11215759190990829,0.11215759190990829,11.781866186163294,250.0,250.0,-50.993443579900834,1.006556420099166,38.136327584584556,38.136327584584556
body_left_dark,Tm16,right,0,721,175,-0.133594089181869,-0.2450590306899268,0.1114649415080578,0.1114649415080578,11.709105045259431,250.0,250.0,-50.976858760288785,1.0231412397112152,38.478954402378626,38.478954402378626
body_left_dark,Tm2,left,0,721,765,-0.18938702101520186,-0.32067304587924284,0.13128602486404098,0.13128602486404098,13.791258805769615,260.0,260.0,-51.08380270066604,0.9161972993339589,39.38597206664241,39.38597206664241
body_left_dark,Tm2,right,0,721,763,-0.17988567761934768,-0.32067304587924284,0.14078736825989516,0.14078736825989516,14.789350460311022,260.786369593709,260.786369593709,-51.070388034005624,0.9296119659943756,41.17197552702218,41.17197552702218
body_left_dark,Tm20,left,0,721,747,0.5741168020936388,0.5364302146337647,0.03768658745987408,0.03768658745987408,3.9588789568702416,187.14859437751005,187.14859437751005,-50.61888739957388,1.3811126004261212,28.740204237870262,28.740204237870262
body_left_dark,Tm20,right,0,721,741,0.5758523686831603,0.5364302146337647,0.03942215404939553,0.03942215404939553,4.141195757424794,190.21592442645075,190.21592442645075,-50.658212015664205,1.3417879843357952,28.899131249802316,28.899131249802316
body_left_dark,Tm3,left,0,721,889,1.3560869920166951,1.6702640961013455,-0.3141771040846504,-0.3141771040846504,-33.00349567111773,0.0,0.0,-1279.7159557020705,-1227.7159557020705,-1559.1281044855966,-1559.1281044855966
body_left_dark,Tm3,right,0,721,857,1.365913285203433,1.6702640961013455,-0.3043508108979125,-0.3043508108979125,-31.971268877900304,0.0,0.0,-1246.0644581103686,-1194.0644581103686,-1516.386977704292,-1516.386977704292
body_left_dark,Tm4,left,0,721,755,-0.0001960405154575246,-0.008280457847305694,0.008084417331848169,0.008084417331848169,0.8492472205844482,113.32450331125828,113.32450331125828,-50.11436166321205,1.8856383367879488,18.25849540028351,18.25849540028351
body_left_dark,Tm4,right,0,721,734,0.0035939020269152014,-0.008280457847305694,0.011874359874220895,0.011874359874220895,1.2473709242687303,133.32425068119892,133.32425068119892,-50.23959799618422,1.760402003815777,21.31263439531872,21.31263439531872
body_left_dark,Tm5Y,left,0,721,407,0.3085178830318577,0.2936388212081753,0.014879061823682371,0.014879061823682371,1.563007125929473,129.8034398034398,129.8034398034398,-50.234094371373885,1.7659056286261148,20.615377065297718,20.615377065297718
body_left_dark,Tm5Y,right,0,721,401,0.30887650697131674,0.2936388212081753,0.01523768576314144,0.01523768576314144,1.6006796471909446,130.57356608478804,130.57356608478804,-50.24859868380197,1.7514013161980273,20.735812612899817,20.735812612899817
body_left_dark,Tm5a,left,0,721,229,-0.01613449211647003,-0.206870148273575,0.19073565615710497,0.19073565615710497,20.036289470071427,280.0,280.0,-51.24335894522188,0.7566410547781217,40.78757230267254,40.78757230267254
body_left_dark,Tm5a,right,0,721,221,-0.013751937258580439,-0.206870148273575,0.19311821101499457,0.19311821101499457,20.286570722003056,280.0,280.0,-51.23694434532752,0.7630556546724776,41.199279578023365,41.199279578023365
body_left_dark,Tm5c,left,0,721,297,1.4103740262262905,1.3256751328006635,0.08469889342562698,0.08469889342562698,8.897400625883845,231.7171717171717,231.7171717171717,-50.915706262042626,1.084293737957374,36.02145270145301,36.02145270145301
body_left_dark,Tm5c,right,0,721,310,1.41325164048244,1.3256751328006635,0.0875765076817765,0.0875765076817765,9.199686592656231,238.19354838709677,238.19354838709677,-50.89883721874606,1.1011627812539402,36.860287967804936,36.860287967804936
body_left_dark,Tm9,left,0,721,756,0.13517715677201253,-0.02698992450692791,0.16216708127894044,0.16216708127894044,17.035234252924013,270.0,270.0,-51.15323385107454,0.846766148925461,40.68863236967218,40.68863236967218
body_left_dark,Tm9,right,0,721,750,0.13706089283105144,-0.02698992450692791,0.16405081733797935,0.16405081733797935,17.23311587466456,270.0,270.0,-51.17836078898112,0.8216392110188835,40.38274308776855,40.38274308776855
body_left_dark,TmY14,left,0,721,185,-0.8067314793231759,-1.0332390703738832,0.22650759105070728,0.22650759105070728,23.794039105736836,290.0,290.0,-51.23140984612542,0.7685901538745767,44.326254478660786,44.326254478660786
body_left_dark,TmY14,right,0,721,185,-0.7314666765020261,-1.0332390703738832,0.30177239387185706,0.30177239387185706,31.7004128096146,300.0,300.0,-51.27884049286713,0.7211595071328674,47.8401427191657,47.8401427191657
body_left_dark,TmY15,left,0,721,106,0.5165567666754541,0.6677045818216758,-0.15114781514622166,-0.15114781514622166,-15.87768872404266,0.0,0.0,-632.6231251842571,-580.6231251842571,-737.6555630665905,-737.6555630665905
body_left_dark,TmY15,right,0,721,119,0.4795881531189355,0.6677045818216758,-0.1881164287027403,-0.1881164287027403,-19.76114637139258,0.0,0.0,-778.9401496438419,-726.9401496438419,-923.0550126788996,-923.0550126788996
body_left_dark,TmY18,left,0,721,569,1.4528892253539765,1.8105015045602841,-0.35761227920630767,-0.35761227920630767,-37.566248957288515,0.0,0.0,-1434.1571982439038,-1382.1571982439038,-1755.237420321768,-1755.237420321768
body_left_dark,TmY18,right,0,721,559,1.470758215094117,1.8105015045602841,-0.33974328946616716,-0.33974328946616716,-35.68915760381714,0.0,0.0,-1366.309424002823,-1314.309424002823,-1669.0893495726884,-1669.0893495726884
body_left_dark,TmY3,left,0,721,374,-0.7118136839558152,-0.8081851075797364,0.09637142362392115,0.09637142362392115,10.123569862476582,240.0,240.0,-50.96043102244005,1.0395689775599521,36.5107833739908,36.5107833739908
body_left_dark,TmY3,right,0,721,360,-0.7108250845265,-0.8081851075797364,0.09736002305323643,0.09736002305323643,10.227419686546147,240.0,240.0,-50.957603931427,1.042396068572998,36.54186464945475,36.54186464945475
body_left_dark,TmY4,left,0,721,215,0.17095770128151283,0.03921795776540485,0.13173974351610798,0.13173974351610798,13.8389207816893,260.0,260.0,-51.067735290527345,0.9322647094726548,39.460576452210894,39.460576452210894
body_left_dark,TmY4,right,0,721,211,0.1548616467806623,0.03921795776540485,0.11564368901525746,0.11564368901525746,12.148071709193665,250.04739336492892,250.04739336492892,-51.040451953761384,0.9595480462386163,38.16586254897276,38.16586254897276
body_left_dark,TmY5a,left,0,721,504,0.6624766094198362,0.5994574370913158,0.06301917232852039,0.06301917232852039,6.620001757293426,219.9404761904762,219.9404761904762,-50.817050419156516,1.1829495808434842,33.16303690652999,33.16303690652999
body_left_dark,TmY5a,right,0,721,521,0.6700892621025943,0.5994574370913158,0.07063182501127852,0.07063182501127852,7.419691316445505,222.61036468330136,222.61036468330136,-50.857477938602614,1.1425220613973863,34.40453269797415,34.40453269797415
body_left_dark,TmY9,left,0,721,371,1.296843497198845,1.4208601187919776,-0.12401662159313265,-0.12401662159313265,-13.027626713348297,0.0,0.0,-521.2565167779228,-469.2565167779228,-595.8930468289358,-595.8930468289358
body_left_dark,TmY9,right,0,721,356,1.3080870883330062,1.4208601187919776,-0.11277303045897136,-0.11277303045897136,-11.846516420778636,0.0,0.0,-477.01791056086506,-425.01791056086506,-539.7032419269004,-539.7032419269004
body_center_dark,Am,left,0,721,84,-3.0054258669671006,-3.676418104176713,0.6709922372096124,0.6709922372096124,70.48600648548336,340.0,340.0,-51.59092294602167,0.4090770539783293,48.689857165018715,48.689857165018715
body_center_dark,Am,right,0,721,229,-3.0054258669671006,-3.676418104176713,0.6709922372096124,0.6709922372096124,70.48600648548336,340.0,340.0,-51.5909290397011,0.409070960298898,48.689471998589525,48.689471998589525
body_center_dark,C2,left,0,721,723,0.2299956216963832,0.2509370452792858,-0.020941423582902574,-0.020941423582902574,-2.19984261609067,0.0,0.0,-139.864513708513,-87.86451370851299,-111.61591371823808,-111.61591371823808
body_center_dark,C2,right,0,721,733,0.2299956216963832,0.2509370452792858,-0.020941423582902574,-0.020941423582902574,-2.19984261609067,0.0,0.0,-141.38876523880484,-89.38876523880484,-113.55571324243064,-113.55571324243064
body_center_dark,C3,left,0,721,699,0.24177550045894808,0.2415862400924345,0.00018926036651356615,0.00018926036651356615,0.019881314092390627,0.08583690987124463,0.08583690987124463,-58.36028470979399,-6.360284709793987,-8.115954419969713,-8.115954419969713
body_center_dark,C3,right,0,721,761,0.24177550045894808,0.2415862400924345,0.00018926036651356615,0.00018926036651356615,0.019881314092390627,0.15768725361366623,0.15768725361366623,-61.26372813301237,-9.263728133012371,-11.806081860677466,-11.806081860677466
body_center_dark,L1,left,0,721,789,-2.285066775987945,-2.565552126559404,0.28048535057145907,0.28048535057145907,29.464263732289442,300.0,300.0,-51.30614457897965,0.693855421020352,45.812360823985436,45.812360823985436
body_center_dark,L1,right,0,721,790,-2.285066775987945,-2.565552126559404,0.28048535057145907,0.28048535057145907,29.464263732289442,300.0,300.0,-51.30609877864017,0.6939012213598303,45.81513872267325,45.81513872267325
body_center_dark,L2,left,0,721,764,-2.2732582402915464,-2.5756758615147226,0.30241762122317617,0.30241762122317617,31.768192281190636,300.0,300.0,-51.25334975856761,0.7466502414323912,49.31823294574678,49.31823294574678
body_center_dark,L2,right,0,721,790,-2.2732582402915464,-2.5756758615147226,0.30241762122317617,0.30241762122317617,31.768192281190636,300.0,300.0,-51.252104510536675,0.7478954894633247,49.376909724368325,49.376909724368325
body_center_dark,L3,left,0,721,680,0.13371224467144974,0.0704091596716745,0.06330308499977523,0.06330308499977523,6.649826052236988,219.61764705882354,219.61764705882354,-50.82939570370842,1.1706042962915788,32.62866548650405,32.62866548650405
body_center_dark,L3,right,0,721,726,0.13371224467144974,0.0704091596716745,0.06330308499977523,0.06330308499977523,6.649826052236988,218.4986225895317,218.4986225895317,-50.816901530116056,1.1830984698839444,32.7525751938833,32.7525751938833
body_center_dark,L4,left,0,721,659,1.07665196282275,1.0686288824235186,0.008023080399231386,0.008023080399231386,0.842803933776533,92.20030349013658,92.20030349013658,-49.947746699424364,2.052253300575636,15.859366521126223,15.859366521126223
body_center_dark,L4,right,0,721,739,1.07665196282275,1.0686288824235186,0.008023080399231386,0.008023080399231386,0.842803933776533,92.65223274695535,92.65223274695535,-49.94931718880495,2.0506828111950526,15.836861311018225,15.836861311018225
body_center_dark,L5,left,0,721,821,0.07316258939339473,0.11559486711312514,-0.042432277719730405,-0.042432277719730405,-4.45740149690051,0.0,0.0,-220.3454979955787,-168.40883538900135,-213.87662869452268,-213.87662869452268
body_center_dark,L5,right,0,721,786,0.07316258939339473,0.11559486711312514,-0.042432277719730405,-0.042432277719730405,-4.45740149690051,0.0,0.0,-221.9045167879294,-169.9045167879294,-215.77973635142087,-215.77973635142087
body_center_dark,Lawf1,left,0,123,199,-0.5377472580320745,-0.47671180197854796,-0.061035456053526504,-0.061035456053526504,-6.411617471349895,0.0,0.0,-288.87374586555825,-237.39635893088487,-301.6686102325593,-301.6686102325593
body_center_dark,Lawf1,right,0,123,156,-0.5377472580320745,-0.47671180197854796,-0.061035456053526504,-0.061035456053526504,-6.411617471349895,0.0,0.0,-296.22136962108124,-244.22136962108124,-310.4784888243064,-310.4784888243064
body_center_dark,Lawf2,left,0,123,145,0.46587886552258234,0.5242224922327976,-0.05834362671021526,-0.05834362671021526,-6.128847731211785,0.0,0.0,-271.8448477909483,-219.84484779094828,-279.20044576710666,-279.20044576710666
body_center_dark,Lawf2,right,0,123,168,0.46587886552258234,0.5242224922327976,-0.05834362671021526,-0.05834362671021526,-6.128847731211785,0.0,0.0,-271.7577447437105,-219.75774474371048,-279.07403273809524,-279.07403273809524
body_center_dark,Mi1,left,0,721,787,0.43201930989122506,0.8997077064875425,-0.46768839659631745,-0.46768839659631745,-49.129461605641794,0.0,0.0,-1881.2028883045782,-1829.2028883045782,-2323.0568512622103,-2323.0568512622103
body_center_dark,Mi1,right,0,721,793,0.43201930989122506,0.8997077064875425,-0.46768839659631745,-0.46768839659631745,-49.129461605641794,0.0,0.0,-1885.2551897585317,-1833.2551897585317,-2328.1771694342096,-2328.1771694342096
body_center_dark,Mi10,left,0,721,195,1.05887682526663,1.3249444319103196,-0.26606760664368956,-0.26606760664368956,-27.94971686327502,0.0,0.0,-1095.9341809395032,-1043.9341809395032,-1325.8007305438703,-1325.8007305438703
body_center_dark,Mi10,right,0,721,206,1.05887682526663,1.3249444319103196,-0.26606760664368956,-0.26606760664368956,-27.94971686327502,0.0,0.0,-1097.7674791650866,-1045.7674791650866,-1328.1324664365898,-1328.1324664365898
body_center_dark,Mi13,left,0,721,367,0.6433666957575884,0.6806043193787956,-0.037237623621207194,-0.037237623621207194,-3.9117164618529774,0.0,0.0,-196.9224554160635,-144.9224554160635,-184.02558691040372,-184.02558691040372
body_center_dark,Mi13,right,0,721,353,0.6433666957575884,0.6806043193787956,-0.037237623621207194,-0.037237623621207194,-3.9117164618529774,0.0,0.0,-197.56339529756107,-145.56339529756107,-184.86710303633475,-184.86710303633475
body_center_dark,Mi14,left,0,721,124,0.251422932843617,0.2915014032734333,-0.040078470429816326,-0.040078470429816326,-4.2101401029499375,0.0,0.0,-207.4897025323683,-155.4897025323683,-197.547489535424,-197.547489535424
body_center_dark,Mi14,right,0,721,124,0.251422932843617,0.2915014032734333,-0.040078470429816326,-0.040078470429816326,-4.2101401029499375,0.0,0.0,-207.45457187775642,-155.45457187775642,-197.4633045811807,-197.4633045811807
body_center_dark,Mi15,left,0,721,498,-0.008388673300503195,0.3664863612231554,-0.3748750345236586,-0.3748750345236586,-39.37965694590582,0.0,0.0,-1502.4019258185085,-1450.4019258185085,-1841.828660344503,-1841.828660344503
body_center_dark,Mi15,right,0,721,482,-0.008388673300503195,0.3664863612231554,-0.3748750345236586,-0.3748750345236586,-39.37965694590582,0.0,0.0,-1503.129967147384,-1451.129967147384,-1842.74629002488,-1842.74629002488
body_center_dark,Mi2,left,0,721,410,1.177764822061118,1.2401932511845508,-0.062428429123432716,-0.062428429123432716,-6.557945704963782,0.0,0.0,-290.7456795297018,-238.74567952970182,-303.1554333198361,-303.1554333198361
body_center_dark,Mi2,right,0,721,419,1.177764822061118,1.2401932511845508,-0.062428429123432716,-0.062428429123432716,-6.557945704963782,0.0,0.0,-290.26787172012513,-238.26787172012513,-302.5483347453479,-302.5483347453479
body_center_dark,Mi4,left,0,721,764,1.834587972784924,2.5961487655335427,-0.7615607927486188,-0.7615607927486188,-80.0,0.0,0.0,-2995.1408573170606,-2943.1408573170606,-3737.4425508988465,-3737.4425508988465
body_center_dark,Mi4,right,0,721,764,1.834587972784924,2.5961487655335427,-0.7615607927486188,-0.7615607927486188,-80.0,0.0,0.0,-2996.635017115408,-2944.635017115408,-3739.3490865817244,-3739.3490865817244
body_center_dark,Mi9,left,0,721,801,0.5272706671727,0.13652539833143065,0.39074526884126937,0.39074526884126937,41.04678418971595,310.17478152309616,310.17478152309616,-51.3460768034098,0.653923196590199,50.90957615884502,50.90957615884502
body_center_dark,Mi9,right,0,721,767,0.5272706671727,0.13652539833143065,0.39074526884126937,0.39074526884126937,41.04678418971595,310.0912646675359,310.0912646675359,-51.351137317921065,0.6488626820789349,50.70893878762694,50.70893878762694
body_center_dark,R7,left,0,721,672,0.2419519578784849,0.4320753999054432,-0.1901234420269583,-0.1901234420269583,-19.97197795235927,0.0,0.0,-780.0561062949045,-728.3656301044283,-924.9148900168283,-924.9148900168283
body_center_dark,R7,right,0,721,671,0.2419519578784849,0.4320753999054432,-0.1901234420269583,-0.1901234420269583,-19.97197795235927,0.0,0.0,-781.234661164831,-729.3896537132662,-926.1726114241803,-926.1726114241803
body_center_dark,R8,left,0,721,670,1.443966623504185,1.777094915509224,-0.3331282920050389,-0.3331282920050389,-34.994269156395525,0.0,0.0,-1319.9039060678056,-1268.5248015901936,-1610.8383175067047,-1610.8383175067047
body_center_dark,R8,right,0,721,654,1.443966623504185,1.777094915509224,-0.3331282920050389,-0.3331282920050389,-34.994269156395525,0.0,0.0,-1330.6943452700928,-1278.8533666768205,-1623.915443163764,-1623.915443163764
body_center_dark,T1,left,0,721,645,-0.18422154429880191,-0.33451253229212247,0.15029098799332055,0.15029098799332055,15.787681238251942,269.984496124031,269.984496124031,-51.11544828193132,0.8845517180686784,40.963674814386884,40.963674814386884
body_center_dark,T1,right,0,721,745,-0.18422154429880191,-0.33451253229212247,0.15029098799332055,0.15029098799332055,15.787681238251942,269.9865771812081,269.9865771812081,-51.11881772239736,0.8811822776026403,40.933430568003814,40.933430568003814
body_center_dark,T2,left,0,721,738,4.421142746687927,5.059273368463272,-0.6381306217753444,-0.6381306217753444,-67.03397841395787,0.0,0.0,-2509.01181832497,-2457.01181832497,-3120.0856238884653,-3120.0856238884653
body_center_dark,T2,right,0,721,716,4.421142746687927,5.059273368463272,-0.6381306217753444,-0.6381306217753444,-67.03397841395787,0.0,0.0,-2509.6443474625744,-2457.6443474625744,-3120.928869492515,-3120.928869492515
body_center_dark,T2a,left,0,721,910,0.2756880828166179,0.4931501398707808,-0.21746205705416294,-0.21746205705416294,-22.843829054728587,0.0,0.0,-891.6795537592291,-839.6795537592291,-1066.2195484203296,-1066.2195484203296
body_center_dark,T2a,right,0,721,871,0.2756880828166179,0.4931501398707808,-0.21746205705416294,-0.21746205705416294,-22.843829054728587,0.0,0.0,-892.4197289590584,-840.4197289590584,-1067.2069742091078,-1067.2069742091078
body_center_dark,T3,left,0,721,825,0.42110066127303947,0.686323561838695,-0.26522290056565556,-0.26522290056565556,-27.8609826651832,0.0,0.0,-1072.7388874585702,-1020.7388874585702,-1296.1291722892993,-1296.1291722892993
body_center_dark,T3,right,0,721,790,0.42110066127303947,0.686323561838695,-0.26522290056565556,-0.26522290056565556,-27.8609826651832,0.0,0.0,-1072.9508311597606,-1020.9508311597606,-1296.3987049730517,-1296.3987049730517
body_center_dark,T4a,left,0,721,729,-0.16350402407968256,0.14835371661864027,-0.31185774069832284,-0.31185774069832284,-32.75985252053415,0.0,0.0,-1264.12014364444,-1212.12014364444,-1539.3656993808406,-1539.3656993808406
body_center_dark,T4a,right,0,721,734,-0.16350402407968256,0.14835371661864027,-0.31185774069832284,-0.31185774069832284,-32.75985252053415,0.0,0.0,-1265.7420564490378,-1213.7420564490378,-1541.473767854862,-1541.473767854862
body_center_dark,T4b,left,0,721,756,-0.17803228673472155,0.008925139044429887,-0.18695742577915142,-0.18695742577915142,-19.63939609909657,0.0,0.0,-781.6144353472997,-729.6144353472997,-926.6300073855768,-926.6300073855768
body_center_dark,T4b,right,0,721,751,-0.17803228673472155,0.008925139044429887,-0.18695742577915142,-0.18695742577915142,-19.63939609909657,0.0,0.0,-783.7858911100303,-731.7858911100303,-929.4091816380243,-929.4091816380243
body_center_dark,T4c,left,0,721,850,-0.17236412467701737,-0.017588837858833695,-0.15477528681818367,-0.15477528681818367,-16.258745281208085,0.0,0.0,-655.6352794692095,-603.6352794692095,-766.6307101619944,-766.6307101619944
body_center_dark,T4c,right,0,721,842,-0.17236412467701737,-0.017588837858833695,-0.15477528681818367,-0.15477528681818367,-16.258745281208085,0.0,0.0,-657.6599060928453,-605.6599060928453,-769.247769679706,-769.247769679706
body_center_dark,T4d,left,0,721,802,-0.13317301953732955,-0.17112019869541534,0.03794717915808579,0.03794717915808579,3.9862534436550656,180.07481296758104,180.07481296758104,-50.61302390062898,1.3869760993710187,27.960113132980993,27.960113132980993
body_center_dark,T4d,right,0,721,776,-0.13317301953732955,-0.17112019869541534,0.03794717915808579,0.03794717915808579,3.9862534436550656,180.03865979381445,180.03865979381445,-50.61003024799307,1.3899697520069267,27.750180790104817,27.750180790104817
body_center_dark,T5a,left,0,721,742,0.26063714672118005,0.11175657638989489,0.14888057033128516,0.14888057033128516,15.639520495160646,270.0,270.0,-51.10252818392936,0.8974718160706416,40.950783696136064,40.950783696136064
body_center_dark,T5a,right,0,721,740,0.26063714672118005,0.11175657638989489,0.14888057033128516,0.14888057033128516,15.639520495160646,270.0,270.0,-51.10478142403267,0.895218575967327,40.87106024767901,40.87106024767901
body_center_dark,T5b,left,0,721,758,0.14217541870261882,0.014668236694643318,0.1275071820079755,0.1275071820079755,13.39430109554644,260.0,260.0,-51.07576584123999,0.924234158760008,38.9020509342405,38.9020509342405
body_center_dark,T5b,right,0,721,762,0.14217541870261882,0.014668236694643318,0.1275071820079755,0.1275071820079755,13.39430109554644,260.0,260.0,-51.077039828763546,0.9229601712364541,38.82083615480759,38.82083615480759
body_center_dark,T5c,left,0,721,763,0.17585759190249384,-0.02281167717476273,0.19866926907725657,0.19866926907725657,20.869695075579838,280.0,280.0,-51.19969176746133,0.8003082325386686,43.291737117742336,43.291737117742336
body_center_dark,T5c,right,0,721,766,0.17585759190249384,-0.02281167717476273,0.19866926907725657,0.19866926907725657,20.869695075579838,280.0,280.0,-51.20311766940682,0.7968823305931778,43.10064997560984,43.10064997560984
body_center_dark,T5d,left,0,721,740,0.2090107503622581,-0.008648808860104589,0.2176595592223627,0.2176595592223627,22.864576148862668,287.6756756756757,287.6756756756757,-51.20602843310382,0.7939715668961824,44.920284312480206,44.920284312480206
body_center_dark,T5d,right,0,721,727,0.2090107503622581,-0.008648808860104589,0.2176595592223627,0.2176595592223627,22.864576148862668,285.4607977991747,285.4607977991747,-51.196061555424286,0.8039384445757136,45.20068746616621,45.20068746616621
body_center_dark,Tm1,left,0,721,773,0.2595472001340163,0.25418798348785027,0.00535921664616601,0.00535921664616601,0.5629719068728389,106.05433376455369,106.05433376455369,-50.04030916083214,1.9596908391678625,17.543688371141393,17.543688371141393
body_center_dark,Tm1,right,0,721,771,0.2595472001340163,0.25418798348785027,0.00535921664616601,0.00535921664616601,0.5629719068728389,106.96498054474708,106.96498054474708,-50.11517921279531,1.8848207872046885,17.35575970601479,17.35575970601479
body_center_dark,Tm16,left,0,721,168,-0.11583983233081785,-0.2450590306899268,0.12921919835910894,0.12921919835910894,13.574144004208211,259.64285714285717,259.64285714285717,-51.072648161933536,0.927351838066464,38.760109379178004,38.760109379178004
body_center_dark,Tm16,right,0,721,175,-0.11583983233081785,-0.2450590306899268,0.12921919835910894,0.12921919835910894,13.574144004208211,259.9428571428571,259.9428571428571,-51.0722569492885,0.9277430507114985,38.78915180751255,38.78915180751255
body_center_dark,Tm2,left,0,721,765,-0.16481896345962185,-0.32067304587924284,0.15585408241962098,0.15585408241962098,16.372069980873228,270.0,270.0,-51.1141871433632,0.8858128566367967,41.663285508498646,41.663285508498646
body_center_dark,Tm2,right,0,721,763,-0.16481896345962185,-0.32067304587924284,0.15585408241962098,0.15585408241962098,16.372069980873228,270.0,270.0,-51.11852111916399,0.8814788808360134,41.64699993408523,41.64699993408523
body_center_dark,Tm20,left,0,721,747,0.5812901741309652,0.5364302146337647,0.04485995949720045,0.04485995949720045,4.712423215516887,199.30388219544847,199.30388219544847,-50.68780766784586,1.3121923321541402,30.221580727512098,30.221580727512098
body_center_dark,Tm20,right,0,721,741,0.5812901741309652,0.5364302146337647,0.04485995949720045,0.04485995949720045,4.712423215516887,199.78407557354925,199.78407557354925,-50.69549608938446,1.3045039106155372,30.229924851905317,30.229924851905317
body_center_dark,Tm3,left,0,721,889,1.3165444620418647,1.6702640961013455,-0.3537196340594808,-0.3537196340594808,-37.15733660950048,0.0,0.0,-1432.6564339979964,-1380.6564339979964,-1753.3398797257275,-1753.3398797257275
body_center_dark,Tm3,right,0,721,857,1.3165444620418647,1.6702640961013455,-0.3537196340594808,-0.3537196340594808,-37.15733660950048,0.0,0.0,-1436.8853060389622,-1384.8853060389622,-1758.7398721523575,-1758.7398721523575
body_center_dark,Tm4,left,0,721,755,0.0038184950292143864,-0.008280457847305694,0.01209895287652008,0.01209895287652008,1.2709638407568375,131.20529801324503,131.20529801324503,-50.24070495201262,1.7592950479873792,20.92901589096777,20.92901589096777
body_center_dark,Tm4,right,0,721,734,0.0038184950292143864,-0.008280457847305694,0.01209895287652008,0.01209895287652008,1.2709638407568375,134.2506811989101,134.2506811989101,-50.24569718259557,1.7543028174044295,21.46168177913905,21.46168177913905
body_center_dark,Tm5Y,left,0,721,407,0.3102490770580162,0.2936388212081753,0.016610255849840883,0.016610255849840883,1.7448645999635866,136.68304668304668,136.68304668304668,-50.281802578113,1.7181974218869982,21.565487470322218,21.565487470322218
body_center_dark,Tm5Y,right,0,721,401,0.3102490770580162,0.2936388212081753,0.016610255849840883,0.016610255849840883,1.7448645999635866,136.38403990024938,136.38403990024938,-50.277559884468516,1.7224401155314837,21.51898808372288,21.51898808372288
body_center_dark,Tm5a,left,0,721,229,0.009332487589567279,-0.206870148273575,0.21620263586314228,0.21620263586314228,22.711530102050087,280.0,280.0,-51.14863951237441,0.8513604876255911,46.031524741493456,46.031524741493456
body_center_dark,Tm5a,right,0,721,221,0.009332487589567279,-0.206870148273575,0.21620263586314228,0.21620263586314228,22.711530102050087,280.0452488687783,280.0452488687783,-51.14933167539571,0.8506683246042925,46.028257723847126,46.028257723847126
body_center_dark,Tm5c,left,0,721,297,1.419617932008246,1.3256751328006635,0.09394279920758253,0.09394279920758253,9.868449122074678,240.0,240.0,-50.96057425604926,1.039425743950737,36.46938415167709,36.46938415167709
body_center_dark,Tm5c,right,0,721,310,1.419617932008246,1.3256751328006635,0.09394279920758253,0.09394279920758253,9.868449122074678,240.0,240.0,-50.96216059038716,1.0378394096128432,36.44932711201329,36.44932711201329
body_center_dark,Tm9,left,0,721,756,0.15633899297320766,-0.02698992450692791,0.18332891748013558,0.18332891748013558,19.258230646928805,273.2936507936508,273.2936507936508,-51.11444083218852,0.8855591678114791,44.372845140083754,44.372845140083754
body_center_dark,Tm9,right,0,721,750,0.15633899297320766,-0.02698992450692791,0.18332891748013558,0.18332891748013558,19.258230646928805,273.93333333333334,273.93333333333334,-51.11264174397787,0.8873582560221323,44.458009480794274,44.458009480794274
body_center_dark,TmY14,left,0,721,185,-0.7022810547495385,-1.0332390703738832,0.3309580156243447,0.3309580156243447,34.76628721180394,309.94594594594594,309.94594594594594,-51.35461683531065,0.6453831646893491,47.164904125316724,47.164904125316724
body_center_dark,TmY14,right,0,721,185,-0.7022810547495385,-1.0332390703738832,0.3309580156243447,0.3309580156243447,34.76628721180394,308.05405405405406,308.05405405405406,-51.328440155854096,0.6715598441459036,48.02966201369827,48.02966201369827
body_center_dark,TmY15,left,0,721,106,0.47416409509370594,0.6677045818216758,-0.19354048672796986,-0.19354048672796986,-20.330929698147425,0.0,0.0,-794.185192755933,-742.185192755933,-942.7983156600088,-942.7983156600088
body_center_dark,TmY15,right,0,721,119,0.47416409509370594,0.6677045818216758,-0.19354048672796986,-0.19354048672796986,-20.330929698147425,0.0,0.0,-799.7351648667279,-747.7351648667279,-949.5415751994157,-949.5415751994157
body_center_dark,TmY18,left,0,721,569,1.416191277940255,1.8105015045602841,-0.3943102266200291,-0.3943102266200291,-41.421273823395026,0.0,0.0,-1575.6897629132798,-1523.6897629132798,-1934.9494268487754,-1934.9494268487754
body_center_dark,TmY18,right,0,721,559,1.416191277940255,1.8105015045602841,-0.3943102266200291,-0.3943102266200291,-41.421273823395026,0.0,0.0,-1576.7909350454913,-1524.7909350454913,-1936.383502775953,-1936.383502775953
body_center_dark,TmY3,left,0,721,374,-0.6965141713686401,-0.8081851075797364,0.11167093621109625,0.11167093621109625,11.730744258307148,250.0,250.0,-51.00958980213512,0.9904101978648825,37.91201656769941,37.91201656769941
body_center_dark,TmY3,right,0,721,360,-0.6965141713686401,-0.8081851075797364,0.11167093621109625,0.11167093621109625,11.730744258307148,250.0,250.0,-51.00541960398356,0.9945803960164383,37.962675433688695,37.962675433688695
body_center_dark,TmY4,left,0,721,215,0.19645757941900693,0.03921795776540485,0.15723962165360209,0.15723962165360209,16.51761730916784,270.0,270.0,-51.072099339684776,0.927900660315224,42.65340357935706,42.65340357935706
body_center_dark,TmY4,right,0,721,211,0.19645757941900693,0.03921795776540485,0.15723962165360209,0.15723962165360209,16.51761730916784,270.0,270.0,-51.090434774968294,0.9095652250317059,42.23709963396262,42.23709963396262
body_center_dark,TmY5a,left,0,721,504,0.6707167344121973,0.5994574370913158,0.07125929732088143,0.07125929732088143,7.48560566661453,223.11507936507937,223.11507936507937,-50.852414577726336,1.1475854222736643,34.564577685462105,34.564577685462105
body_center_dark,TmY5a,right,0,721,521,0.6707167344121973,0.5994574370913158,0.07125929732088143,0.07125929732088143,7.48560566661453,224.97120921305182,224.97120921305182,-50.854731444433874,1.1452685555661262,34.645002178404475,34.645002178404475
body_center_dark,TmY9,left,0,721,371,1.2844901167879323,1.4208601187919776,-0.13637000200404525,-0.13637000200404525,-14.325317511355573,0.0,0.0,-568.5073076027102,-516.5073076027102,-655.882047339591,-655.882047339591
body_center_dark,TmY9,right,0,721,356,1.2844901167879323,1.4208601187919776,-0.13637000200404525,-0.13637000200404525,-14.325317511355573,0.0,0.0,-567.7175795308659,-515.7175795308659,-654.8531795887465,-654.8531795887465
body_right_dark,Am,left,0,721,84,-3.0778489433611314,-3.676418104176713,0.5985691608155816,0.5985691608155816,62.8781488243617,330.0,330.0,-51.43674459911528,0.5632554008847208,55.844483012244815,55.844483012244815
body_right_dark,Am,right,0,721,229,-3.0779932826013408,-3.676418104176713,0.5984248215753722,0.5984248215753722,62.86298635890038,330.0,330.0,-51.43685974720784,0.5631402527921594,55.831436756916965,55.831436756916965
body_right_dark,C2,left,0,721,723,0.2326127400727692,0.2509370452792858,-0.018324305206516595,-0.018324305206516595,-1.9249210706218913,0.0,0.0,-129.57316080729166,-77.57316080729166,-98.54924105146944,-98.54924105146944
body_right_dark,C2,right,0,721,733,0.23339351216504214,0.2509370452792858,-0.017543533114243642,-0.017543533114243642,-1.842902973082495,0.0,0.0,-128.0575846298655,-76.05758462986549,-96.62690862887227,-96.62690862887227
body_right_dark,C3,left,0,721,699,0.24177215476849745,0.2415862400924345,0.0001859146760629371,0.0001859146760629371,0.01952985792684368,0.08583690987124463,0.08583690987124463,-58.19037037141333,-6.19037037141333,-7.915929847472855,-7.915929847472855
body_right_dark,C3,right,0,721,761,0.24162317531237615,0.2415862400924345,3.693521994163618e-05,3.693521994163618e-05,0.0038799497341064416,0.1445466491458607,0.1445466491458607,-61.632031835488355,-9.632031835488355,-12.28354755202345,-12.28354755202345
body_right_dark,L1,left,0,721,789,-2.3153576970141736,-2.565552126559404,0.2501944295452305,0.2501944295452305,26.282280487915447,290.0,290.0,-51.20717212788203,0.792827872117968,47.101390195587896,47.101390195587896
body_right_dark,L1,right,0,721,790,-2.3153661021784506,-2.565552126559404,0.2501860243809535,0.2501860243809535,26.281397547054304,290.0,290.0,-51.20711407721797,0.7928859227820269,47.106807853602156,47.106807853602156
body_right_dark,L2,left,0,721,764,-2.305855722743992,-2.5756758615147226,0.26982013877073063,0.26982013877073063,28.343910699173268,300.0,300.0,-51.33318514599226,0.6668148540077397,44.02023167135828,44.02023167135828
body_right_dark,L2,right,0,721,790,-2.305825564261118,-2.5756758615147226,0.26985029725360477,0.26985029725360477,28.347078770130835,300.0,300.0,-51.33142969155613,0.6685703084438686,44.09377903998653,44.09377903998653
body_right_dark,L3,left,0,721,680,0.12714408310822917,0.0704091596716745,0.05673492343655466,0.05673492343655466,5.959857595272199,209.98529411764707,209.98529411764707,-50.7463054039899,1.2536945960100994,32.180101537704466,32.180101537704466
body_right_dark,L3,right,0,721,726,0.12661167491460623,0.0704091596716745,0.056202515242931725,0.056202515242931725,5.903929485664416,209.82093663911846,209.82093663911846,-50.748092346611756,1.251907653388244,31.931197079745207,31.931197079745207
body_right_dark,L4,left,0,721,659,1.0751565241367245,1.0686288824235186,0.006527641713205856,0.006527641713205856,0.6857119510731478,81.25948406676783,81.25948406676783,-49.851335731008525,2.1486642689914746,14.3308802432464,14.3308802432464
body_right_dark,L4,right,0,721,739,1.0754167318716128,1.0686288824235186,0.006787849448094185,0.006787849448094185,0.7130461034996863,85.35859269282814,85.35859269282814,-49.84994021094378,2.150059789056222,14.654777810763926,14.654777810763926
body_right_dark,L5,left,0,721,821,0.07652765001207797,0.11559486711312514,-0.03906721710104717,-0.03906721710104717,-4.103910545084245,0.0,0.0,-207.01495896593806,-155.0782963593607,-196.9149575831684,-196.9149575831684
body_right_dark,L5,right,0,721,786,0.07624414340631591,0.11559486711312514,-0.039350723706809226,-0.039350723706809226,-4.133692183893546,0.0,0.0,-209.54588548888384,-157.54588548888384,-200.0647255506831,-200.0647255506831
body_right_dark,Lawf1,left,0,123,199,-0.5272957954964623,-0.47671180197854796,-0.05058399351791437,-0.05058399351791437,-5.313718248057078,0.0,0.0,-248.96983253057277,-197.4924455958994,-251.0236013594584,-251.0236013594584
body_right_dark,Lawf1,right,0,123,156,-0.5269305435600488,-0.47671180197854796,-0.0502187415815008,-0.0502187415815008,-5.2753494727848835,0.0,0.0,-254.44175103994516,-202.44175103994516,-257.55552634214746,-257.55552634214746
body_right_dark,Lawf2,left,0,123,145,0.47313743110412987,0.5242224922327976,-0.05108506112866773,-0.05108506112866773,-5.366354110147079,0.0,0.0,-244.22167642527614,-192.22167642527614,-244.24187095905174,-244.24187095905174
body_right_dark,Lawf2,right,0,123,168,0.46778916643281293,0.5242224922327976,-0.05643332579998467,-0.05643332579998467,-5.928175540267086,0.0,0.0,-264.8438667115711,-212.84386671157108,-270.3928756713867,-270.3928756713867
body_right_dark,Mi1,left,0,721,787,0.48261229770617164,0.8997077064875425,-0.41709540878137086,-0.41709540878137086,-43.81479852984486,0.0,0.0,-1685.4051096430273,-1633.4051096430273,-2074.430244339164,-2074.430244339164
body_right_dark,Mi1,right,0,721,793,0.4797446909470383,0.8997077064875425,-0.4199630155405042,-0.4199630155405042,-44.11603323482841,0.0,0.0,-1700.5749120724306,-1648.5749120724306,-2093.6679438125593,-2093.6679438125593
body_right_dark,Mi10,left,0,721,195,1.093534716269345,1.3249444319103196,-0.23140971564097468,-0.23140971564097468,-24.308994669305147,0.0,0.0,-962.0967876727765,-910.0967876727765,-1155.8593731219953,-1155.8593731219953
body_right_dark,Mi10,right,0,721,206,1.0897275462343607,1.3249444319103196,-0.2352168856759589,-0.2352168856759589,-24.708928076721605,0.0,0.0,-978.5800274598946,-926.5800274598946,-1176.8067840279884,-1176.8067840279884
body_right_dark,Mi13,left,0,721,367,0.6473631718649365,0.6806043193787956,-0.03324114751385909,-0.03324114751385909,-3.4918969390622565,0.0,0.0,-181.5309688557721,-129.5309688557721,-164.48095557605214,-164.48095557605214
body_right_dark,Mi13,right,0,721,353,0.6499083583164397,0.6806043193787956,-0.030695961062355948,-0.030695961062355948,-3.2245316570532307,0.0,0.0,-172.32134577505312,-120.32134577505312,-152.83905314588682,-152.83905314588682
body_right_dark,Mi14,left,0,721,124,0.25634979927620427,0.2915014032734333,-0.03515160399722905,-0.03515160399722905,-3.6925854725645926,0.0,0.0,-188.40757480744392,-136.40757480744392,-173.27851732315557,-173.27851732315557
body_right_dark,Mi14,right,0,721,124,0.25419693930273496,0.2915014032734333,-0.037304463970698365,-0.037304463970698365,-3.9187378684303753,0.0,0.0,-197.83981323242188,-145.83981323242188,-185.28357868809854,-185.28357868809854
body_right_dark,Mi15,left,0,721,498,0.030597493089942182,0.3664863612231554,-0.3358888681332132,-0.3358888681332132,-35.28426056923713,0.0,0.0,-1352.0245160328816,-1300.0245160328816,-1650.8809520307793,-1650.8809520307793
body_right_dark,Mi15,right,0,721,482,0.03626639749105612,0.3664863612231554,-0.3302199637320993,-0.3302199637320993,-34.68875676125838,0.0,0.0,-1330.8799965253015,-1278.8799965253015,-1624.0369419715216,-1624.0369419715216
body_right_dark,Mi2,left,0,721,410,1.1849219991661475,1.2401932511845508,-0.05527125201840333,-0.05527125201840333,-5.806102682247471,0.0,0.0,-263.26344716141864,-211.26344716141864,-268.27874353920544,-268.27874353920544
body_right_dark,Mi2,right,0,721,419,1.1835728559369187,1.2401932511845508,-0.05662039524763207,-0.05662039524763207,-5.947826703974948,0.0,0.0,-267.976531545416,-215.97653154541598,-274.25694191142884,-274.25694191142884
body_right_dark,Mi4,left,0,721,764,1.911215279651767,2.5961487655335427,-0.6849334858817757,-0.6849334858817757,-71.9504987550338,0.0,0.0,-2699.7642032962817,-2647.7642032962817,-3362.3726624493825,-3362.3726624493825
body_right_dark,Mi4,right,0,721,764,1.9092195079140055,2.5961487655335427,-0.6869292576195372,-0.6869292576195372,-72.16014943629415,0.0,0.0,-2708.9292784685863,-2656.9292784685863,-3374.0127342983064,-3374.0127342983064
body_right_dark,Mi9,left,0,721,801,0.48553913200073934,0.13652539833143065,0.34901373366930866,0.34901373366930866,36.66299389280808,310.0,310.0,-51.342413789175275,0.657586210824725,48.87905568040712,48.87905568040712
body_right_dark,Mi9,right,0,721,767,0.4827196958521579,0.13652539833143065,0.3461942975207273,0.3461942975207273,36.3668193864073,310.0,310.0,-51.34662988257377,0.6533701174262276,48.56943159836989,48.56943159836989
body_right_dark,R7,left,0,721,672,0.2625058435030209,0.4320753999054432,-0.16956955640242227,-0.16956955640242227,-17.812845200752864,0.0,0.0,-701.3007322947184,-649.6102561042422,-824.9020218622117,-824.9020218622117
body_right_dark,R7,right,0,721,671,0.2625058435030209,0.4320753999054432,-0.16956955640242227,-0.16956955640242227,-17.812845200752864,0.0,0.0,-702.2870255085111,-650.4420180569463,-825.9351068942984,-825.9351068942984
body_right_dark,R8,left,0,721,670,1.4799804929101352,1.777094915509224,-0.2971144225990887,-0.2971144225990887,-31.211104923271677,0.0,0.0,-1182.740902117829,-1131.361797640217,-1436.655931706215,-1436.655931706215
body_right_dark,R8,right,0,721,654,1.4799804929101352,1.777094915509224,-0.2971144225990887,-0.2971144225990887,-31.211104923271677,0.0,0.0,-1192.3384341551987,-1140.4974555619265,-1448.2369526621035,-1448.2369526621035
body_right_dark,T1,left,0,721,645,-0.20040192493223347,-0.33451253229212247,0.134110607359889,0.134110607359889,14.087973922697163,260.0,260.0,-51.073184280986936,0.9268157190130637,39.87188527898271,39.87188527898271
body_right_dark,T1,right,0,721,745,-0.2003658724720777,-0.33451253229212247,0.13414665982004476,0.13414665982004476,14.091761140789169,260.0,260.0,-51.07708760715971,0.9229123928402885,39.83854228282135,39.83854228282135
body_right_dark,T2,left,0,721,738,4.543080486615554,5.059273368463272,-0.5161928818477177,-0.5161928818477177,-54.22473286574313,0.0,0.0,-2039.0596210924268,-1987.0596210924268,-2523.2883155223153,-2523.2883155223153
body_right_dark,T2,right,0,721,716,4.486882134217991,5.059273368463272,-0.5723912342452806,-0.5723912342452806,-60.12822505522229,0.0,0.0,-2256.3049636926066,-2204.3049636926066,-2799.255029774245,-2799.255029774245
body_right_dark,T2a,left,0,721,910,0.31112524351891746,0.4931501398707808,-0.18202489635186336,-0.18202489635186336,-19.121246585702043,0.0,0.0,-755.1356924203726,-703.1356924203726,-892.8651701874785,-892.8651701874785
body_right_dark,T2a,right,0,721,871,0.3008578921858436,0.4931501398707808,-0.19229224768493725,-0.19229224768493725,-20.199805401317228,0.0,0.0,-795.2205206502045,-743.2205206502045,-943.8097824990133,-943.8097824990133
body_right_dark,T3,left,0,721,825,0.44991830746635497,0.686323561838695,-0.23640525437234006,-0.23640525437234006,-24.833763147822587,0.0,0.0,-961.7552772845644,-909.7552772845644,-1155.2200732421875,-1155.2200732421875
body_right_dark,T3,right,0,721,790,0.4532864909415972,0.686323561838695,-0.23303707089709785,-0.23303707089709785,-24.47994414796722,0.0,0.0,-948.9478194997281,-896.9478194997281,-1138.9699447438686,-1138.9699447438686
body_right_dark,T4a,left,0,721,729,-0.14780777859641286,0.14835371661864027,-0.29616149521505314,-0.29616149521505314,-31.111002355691088,0.0,0.0,-1203.490349077557,-1151.490349077557,-1462.4006700973616,-1462.4006700973616
body_right_dark,T4a,right,0,721,734,-0.12181747572237142,0.14835371661864027,-0.2701711923410117,-0.2701711923410117,-28.380787972648868,0.0,0.0,-1104.710867484194,-1052.710867484194,-1337.0088258166404,-1337.0088258166404
body_right_dark,T4b,left,0,721,756,-0.156452929603031,0.008925139044429887,-0.16537806864746088,-0.16537806864746088,-17.372540206601734,0.0,0.0,-698.2880248216094,-646.2880248216094,-820.8362277399295,-820.8362277399295
body_right_dark,T4b,right,0,721,751,-0.16915270526949172,0.008925139044429887,-0.1780778443139216,-0.1780778443139216,-18.70661893411866,0.0,0.0,-749.2997464155865,-697.2997464155865,-885.6519346275279,-885.6519346275279
body_right_dark,T4c,left,0,721,850,-0.1479132030064254,-0.017588837858833695,-0.13032436514759171,-0.13032436514759171,-13.690238929157696,0.0,0.0,-561.2934692382812,-509.2934692382812,-646.8488651051241,-646.8488651051241
body_right_dark,T4c,right,0,721,842,-0.16997778500998356,-0.017588837858833695,-0.15238894715114987,-0.15238894715114987,-16.00806644482303,0.0,0.0,-648.289936564031,-596.289936564031,-757.3599870912819,-757.3599870912819
body_right_dark,T4d,left,0,721,802,-0.13635270001830782,-0.17112019869541534,0.03476749867710752,0.03476749867710752,3.6522361978877567,178.55361596009976,178.55361596009976,-50.56537986336801,1.4346201366319917,27.272379592172523,27.272379592172523
body_right_dark,T4d,right,0,721,776,-0.13698111981727976,-0.17112019869541534,0.03413907887813558,0.03413907887813558,3.5862223164006233,175.2963917525773,175.2963917525773,-50.54466167921873,1.455338320781273,27.059444139913186,27.059444139913186
body_right_dark,T5a,left,0,721,742,0.2600590311676708,0.11175657638989489,0.14830245477777593,0.14830245477777593,15.578790945108816,270.0,270.0,-51.09117919222685,0.9088208077731466,41.37132291459652,41.37132291459652
body_right_dark,T5a,right,0,721,740,0.21295375304055567,0.11175657638989489,0.10119717665066078,0.10119717665066078,10.630502789979067,243.5810810810811,243.5810810810811,-50.97698344153327,1.023016558466729,37.482833032350285,37.482833032350285
body_right_dark,T5b,left,0,721,758,0.12169802964021119,0.014668236694643318,0.10702979294556787,0.10702979294556787,11.243204110786937,250.0,250.0,-50.983057349212565,1.0169426507874348,38.20997350385762,38.20997350385762
body_right_dark,T5b,right,0,721,762,0.124456841817957,0.014668236694643318,0.10978860512331369,0.10978860512331369,11.533010225178803,250.0,250.0,-51.00100675467744,0.9989932453225592,38.21663135618675,38.21663135618675
body_right_dark,T5c,left,0,721,763,0.15378858002570292,-0.02281167717476273,0.17660025720046565,0.17660025720046565,18.551402213139834,273.7221494102228,273.7221494102228,-51.1309124507879,0.8690875492120966,43.49444027122008,43.49444027122008
body_right_dark,T5c,right,0,721,766,0.1381735540914044,-0.02281167717476273,0.16098523126616712,0.16098523126616712,16.911083952748207,270.0,270.0,-51.1066546776276,0.8933453223723973,41.978381602633405,41.978381602633405
body_right_dark,T5d,left,0,721,740,0.19003324086843248,-0.008648808860104589,0.19868204972853706,0.19868204972853706,20.871037650082325,280.0,280.0,-51.202549542607485,0.7974504573925145,43.13552234752758,43.13552234752758
body_right_dark,T5d,right,0,721,727,0.167668876044923,-0.008648808860104589,0.17631768490502758,0.17631768490502758,18.5217187212239,273.1224209078404,273.1224209078404,-51.122960018488534,0.8770399815114658,43.81494565121573,43.81494565121573
body_right_dark,Tm1,left,0,721,773,0.2587817824663964,0.25418798348785027,0.004593798978546115,0.004593798978546115,0.4825667521003769,100.0,100.0,-50.01475338855659,1.985246611443408,16.567341726779322,16.567341726779322
body_right_dark,Tm1,right,0,721,771,0.25941169900295225,0.25418798348785027,0.005223715515101979,0.005223715515101979,0.5487378620160934,105.01945525291829,105.01945525291829,-50.11607847201376,1.8839215279862387,17.04713844850988,17.04713844850988
body_right_dark,Tm16,left,0,721,168,-0.133594089181869,-0.2450590306899268,0.1114649415080578,0.1114649415080578,11.709105045259431,250.0,250.0,-50.97738536198934,1.0226146380106584,38.43590629668463,38.43590629668463
body_right_dark,Tm16,right,0,721,175,-0.1329014387800185,-0.2450590306899268,0.11215759190990829,0.11215759190990829,11.781866186163294,250.0,250.0,-50.996140965053016,1.0038590349469843,38.118509390694754,38.118509390694754
body_right_dark,Tm2,left,0,721,765,-0.17988567761934768,-0.32067304587924284,0.14078736825989516,0.14078736825989516,14.789350460311022,260.6666666666667,260.6666666666667,-51.06682021695804,0.9331797830419575,41.10796329273897,41.10796329273897
body_right_dark,Tm2,right,0,721,763,-0.18938702101520186,-0.32067304587924284,0.13128602486404098,0.13128602486404098,13.791258805769615,260.0,260.0,-51.08540491726576,0.9145950827342375,39.4418988609064,39.4418988609064
body_right_dark,Tm20,left,0,721,747,0.5758523686831603,0.5364302146337647,0.03942215404939553,0.03942215404939553,4.141195757424794,190.04016064257027,190.04016064257027,-50.65075854157189,1.3492414584281107,28.8355853554395,28.8355853554395
body_right_dark,Tm20,right,0,721,741,0.5741168020936388,0.5364302146337647,0.03768658745987408,0.03768658745987408,3.9588789568702416,188.51551956815115,188.51551956815115,-50.62572184780188,1.3742781521981229,28.784998635048808,28.784998635048808
body_right_dark,Tm3,left,0,721,889,1.365913285203433,1.6702640961013455,-0.3043508108979125,-0.3043508108979125,-31.971268877900304,0.0,0.0,-1241.9206879382998,-1189.9206879382998,-1511.1324722410186,-1511.1324722410186
body_right_dark,Tm3,right,0,721,857,1.3560869920166951,1.6702640961013455,-0.3141771040846504,-0.3141771040846504,-33.00349567111773,0.0,0.0,-1283.75026721576,-1231.75026721576,-1564.2911922494895,-1564.2911922494895
body_right_dark,Tm4,left,0,721,755,0.0035939020269152014,-0.008280457847305694,0.011874359874220895,0.011874359874220895,1.2473709242687303,130.33112582781456,130.33112582781456,-50.23148012982299,1.768519870177009,20.80208626298715,20.80208626298715
body_right_dark,Tm4,right,0,721,734,-0.0001960405154575246,-0.008280457847305694,0.008084417331848169,0.008084417331848169,0.8492472205844482,117.23433242506812,117.23433242506812,-50.1393113253227,1.8606886746772986,18.8160576222703,18.8160576222703
body_right_dark,Tm5Y,left,0,721,407,0.30887650697131674,0.2936388212081753,0.01523768576314144,0.01523768576314144,1.6006796471909446,131.22850122850122,131.22850122850122,-50.25129272310974,1.7487072768902578,20.78015154995555,20.78015154995555
body_right_dark,Tm5Y,right,0,721,401,0.3085178830318577,0.2936388212081753,0.014879061823682371,0.014879061823682371,1.563007125929473,129.35162094763092,129.35162094763092,-50.23223757089819,1.7677624291018077,20.52755907111037,20.52755907111037
body_right_dark,Tm5a,left,0,721,229,-0.013751937258580439,-0.206870148273575,0.19311821101499457,0.19311821101499457,20.286570722003056,280.0,280.0,-51.23699278185982,0.7630072181401815,41.191652955967264,41.191652955967264
body_right_dark,Tm5a,right,0,721,221,-0.01613449211647003,-0.206870148273575,0.19073565615710497,0.19073565615710497,20.036289470071427,280.0,280.0,-51.242341451515436,0.7576585484845637,40.81729916533733,40.81729916533733
body_right_dark,Tm5c,left,0,721,297,1.41325164048244,1.3256751328006635,0.0875765076817765,0.0875765076817765,9.199686592656231,237.03703703703704,237.03703703703704,-50.89907884437227,1.1009211556277307,36.82090014319628,36.82090014319628
body_right_dark,Tm5c,right,0,721,310,1.4103740262262905,1.3256751328006635,0.08469889342562698,0.08469889342562698,8.897400625883845,232.51612903225808,232.51612903225808,-50.914638728480185,1.0853612715198153,36.07014291824833,36.07014291824833
body_right_dark,Tm9,left,0,721,756,0.13706089283105144,-0.02698992450692791,0.16405081733797935,0.16405081733797935,17.23311587466456,270.0,270.0,-51.17467387264998,0.8253261273500172,40.40957010359991,40.40957010359991
body_right_dark,Tm9,right,0,721,750,0.13517715677201253,-0.02698992450692791,0.16216708127894044,0.16216708127894044,17.035234252924013,270.0,270.0,-51.153093760172524,0.8469062398274758,40.694743459065755,40.694743459065755
body_right_dark,TmY14,left,0,721,185,-0.7314666765020261,-1.0332390703738832,0.30177239387185706,0.30177239387185706,31.7004128096146,300.0,300.0,-51.27490341598923,0.725096584010771,48.29511863089896,48.29511863089896
body_right_dark,TmY14,right,0,721,185,-0.8067314793231759,-1.0332390703738832,0.22650759105070728,0.22650759105070728,23.794039105736836,287.8378378378378,287.8378378378378,-51.21597838530669,0.7840216146933088,44.600937302048145,44.600937302048145
body_right_dark,TmY15,left,0,721,106,0.4795881531189355,0.6677045818216758,-0.1881164287027403,-0.1881164287027403,-19.76114637139258,0.0,0.0,-773.2227639252285,-721.2227639252285,-916.0188759857754,-916.0188759857754
body_right_dark,TmY15,right,0,721,119,0.5165567666754541,0.6677045818216758,-0.15114781514622166,-0.15114781514622166,-15.87768872404266,0.0,0.0,-638.4981371454832,-586.4981371454832,-744.855120490579,-744.855120490579
body_right_dark,TmY18,left,0,721,569,1.470758215094117,1.8105015045602841,-0.33974328946616716,-0.33974328946616716,-35.68915760381714,0.0,0.0,-1365.234085807063,-1313.234085807063,-1667.6913957377938,-1667.6913957377938
body_right_dark,TmY18,right,0,721,559,1.4528892253539765,1.8105015045602841,-0.35761227920630767,-0.35761227920630767,-37.566248957288515,0.0,0.0,-1435.2134188684454,-1383.2134188684454,-1756.616339558992,-1756.616339558992
body_right_dark,TmY3,left,0,721,374,-0.7108250845265,-0.8081851075797364,0.09736002305323643,0.09736002305323643,10.227419686546147,240.0,240.0,-50.96148674500817,1.0385132549918268,36.58199198105756,36.58199198105756
body_right_dark,TmY3,right,0,721,360,-0.7118136839558152,-0.8081851075797364,0.09637142362392115,0.09637142362392115,10.123569862476582,240.0,240.0,-50.955092112223305,1.044907887776695,36.49581632614136,36.49581632614136
body_right_dark,TmY4,left,0,721,215,0.1548616467806623,0.03921795776540485,0.11564368901525746,0.11564368901525746,12.148071709193665,250.0,250.0,-51.044355472298555,0.9556445277014447,37.94406135026799,37.94406135026799
body_right_dark,TmY4,right,0,721,211,0.17095770128151283,0.03921795776540485,0.13173974351610798,0.13173974351610798,13.8389207816893,260.0,260.0,-51.064656696048395,0.9353433039516048,39.62209918487694,39.62209918487694
body_right_dark,TmY5a,left,0,721,504,0.6700892621025943,0.5994574370913158,0.07063182501127852,0.07063182501127852,7.419691316445505,220.8531746031746,220.8531746031746,-50.857892006162615,1.142107993837385,34.30670787417699,34.30670787417699
body_right_dark,TmY5a,right,0,721,521,0.6624766094198362,0.5994574370913158,0.06301917232852039,0.06301917232852039,6.620001757293426,219.9616122840691,219.9616122840691,-50.82164719008667,1.1783528099133278,33.19135673581524,33.19135673581524
body_right_dark,TmY9,left,0,721,371,1.3080870883330062,1.4208601187919776,-0.11277303045897136,-0.11277303045897136,-11.846516420778636,0.0,0.0,-477.8408012287315,-425.8408012287315,-540.743824920243,-540.743824920243
body_right_dark,TmY9,right,0,721,356,1.296843497198845,1.4208601187919776,-0.12401662159313265,-0.12401662159313265,-13.027626713348297,0.0,0.0,-520.4749841582909,-468.4749841582909,-594.8905125307233,-594.8905125307233
